age,is_female,bmi,children,is_smoker,region_southeast,charges,bmi_category_Obese
-1.4404177293803346,1,-0.5179491381563489,-0.9092341626291546,1,0,16884,0
-1.5116474702606657,0,0.462463317315626,-0.07944161966998751,0,1,1725,1
-0.7993500614573563,0,0.462463317315626,1.5801434662483465,0,1,4449,1
-0.44320135705570163,0,-1.334959517716328,-0.9092341626291546,0,0,21984,0
-0.5144310979360326,0,-0.35454706224435306,-0.9092341626291546,0,0,3866,0
-0.5856608388163635,1,-0.8447532899803405,-0.9092341626291546,0,1,3756,0
0.48278527438860047,1,0.462463317315626,-0.07944161966998751,0,1,8240,1
-0.15828239353437792,1,-0.5179491381563489,1.5801434662483465,0,0,7281,0
-0.15828239353437792,0,-0.19114498633235724,0.7503509232891795,0,0,6406,0
1.4800016467132335,1,-0.8447532899803405,-0.9092341626291546,0,0,28923,0
-1.013039284098349,0,-0.6813512140683446,-0.9092341626291546,0,0,2721,0
1.6224611284738955,1,-0.6813512140683446,-0.9092341626291546,1,1,27808,0
-1.155498765859011,0,0.6258653932276218,-0.9092341626291546,0,0,1826,1
1.1950826831919097,1,1.442875772787601,-0.9092341626291546,0,1,11090,1
-0.8705798023376873,0,1.9330820005235883,-0.9092341626291546,1,1,39611,1
-1.4404177293803346,0,-1.0081553658923363,-0.07944161966998751,0,0,1837,0
0.9101637196705861,1,-0.02774291042036144,-0.07944161966998751,0,0,10797,1
-1.155498765859011,0,-1.1715574418043322,-0.9092341626291546,0,0,2395,0
1.1950826831919097,0,1.6062778486995968,-0.9092341626291546,0,0,10602,1
-0.6568905796966944,0,0.7892674691396177,-0.9092341626291546,1,0,36837,1
1.4800016467132335,1,0.9526695450516135,-0.9092341626291546,0,0,13228,1
-0.6568905796966944,1,0.2990612414036302,-0.07944161966998751,0,0,4149,1
-1.5116474702606657,0,0.6258653932276218,-0.9092341626291546,0,1,1137,1
-0.3719716161753707,1,0.13565916549163437,-0.07944161966998751,1,0,37701,1
-0.15828239353437792,0,-0.35454706224435306,0.7503509232891795,0,0,6203,0
1.4087719058329027,1,-0.5179491381563489,1.5801434662483465,0,1,14001,0
1.6936908693542263,1,-1.1715574418043322,-0.9092341626291546,0,0,14451,0
1.1238529423115788,1,0.2990612414036302,0.7503509232891795,0,0,12268,1
-1.155498765859011,0,-2.151969897276307,-0.07944161966998751,0,0,2775,0
-0.5856608388163635,0,0.9526695450516135,0.7503509232891795,1,0,38711,1
-1.2267285067393419,0,0.7892674691396177,-0.9092341626291546,1,0,35585,1
-1.5116474702606657,1,-0.6813512140683446,-0.9092341626291546,0,0,2198,0
-1.4404177293803346,1,-0.35454706224435306,3.2397285521666808,0,0,4687,0
1.6936908693542263,0,-0.35454706224435306,-0.9092341626291546,0,0,13770,0
-0.7993500614573563,0,0.9526695450516135,-0.07944161966998751,1,0,51194,1
-1.4404177293803346,0,-1.6617636695403195,-0.9092341626291546,0,0,1625,0
1.6224611284738955,1,0.2990612414036302,1.5801434662483465,0,0,15612,1
-0.9418095432180181,0,-1.6617636695403195,-0.9092341626291546,0,0,2302,0
-0.30074187529503976,0,0.9526695450516135,-0.07944161966998751,1,0,39774,1
1.4800016467132335,0,1.442875772787601,-0.9092341626291546,1,0,48173,1
-1.08426902497868,1,-0.6813512140683446,-0.9092341626291546,0,0,3046,0
-0.5856608388163635,1,0.9526695450516135,0.7503509232891795,0,1,4949,1
0.1266365699869458,0,-1.4983615936283237,-0.07944161966998751,0,1,6272,0
-0.15828239353437792,1,-0.02774291042036144,0.7503509232891795,0,1,6313,1
-0.08705265265404699,0,1.1160716209636092,-0.07944161966998751,0,0,6079,1
1.1238529423115788,0,1.1160716209636092,-0.9092341626291546,0,0,20630,1
-1.5116474702606657,1,1.279473696875605,0.7503509232891795,0,0,3393,1
-0.7993500614573563,1,0.6258653932276218,-0.9092341626291546,0,0,3556,1
1.4800016467132335,1,-1.0081553658923363,-0.9092341626291546,0,1,12629,0
-0.22951213441470886,0,0.7892674691396177,-0.07944161966998751,1,1,38709,1
-1.5116474702606657,1,0.7892674691396177,-0.9092341626291546,0,0,2211,1
-1.297958247619673,1,0.462463317315626,0.7503509232891795,0,0,3579,1
0.6252447561492623,0,-0.35454706224435306,-0.07944161966998751,1,0,23568,0
-0.22951213441470886,0,0.6258653932276218,-0.9092341626291546,1,1,37742,1
0.055406829106614874,1,-0.35454706224435306,1.5801434662483465,0,0,8059,0
1.3375421649525716,0,0.9526695450516135,0.7503509232891795,1,0,47496,1
1.3375421649525716,1,0.13565916549163437,0.7503509232891795,0,0,13607,1
-1.5116474702606657,0,0.13565916549163437,0.7503509232891795,1,1,34303,1
0.981393460550917,1,-1.334959517716328,-0.07944161966998751,1,1,23244,0
-0.3719716161753707,1,1.1160716209636092,0.7503509232891795,0,0,5989,1
0.2690960517476077,0,-0.5179491381563489,1.5801434662483465,0,0,8606,0
-1.013039284098349,0,0.462463317315626,2.409936009207514,0,1,4504,1
1.7649206102345572,0,-1.0081553658923363,-0.07944161966998751,0,0,30166,0
-0.7993500614573563,1,-0.8447532899803405,-0.07944161966998751,0,0,4133,0
-1.3691879885000038,1,-1.334959517716328,-0.9092341626291546,1,0,14711,0
-1.4404177293803346,1,-0.35454706224435306,-0.9092341626291546,0,0,1743,0
1.5512313875935644,1,1.442875772787601,0.7503509232891795,0,0,14235,1
0.055406829106614874,0,-0.6813512140683446,-0.07944161966998751,0,0,6389,0
0.055406829106614874,1,0.9526695450516135,-0.9092341626291546,0,1,5920,1
-0.7993500614573563,0,-1.1715574418043322,1.5801434662483465,1,1,17663,0
-0.8705798023376873,1,-1.0081553658923363,-0.9092341626291546,1,1,16577,0
-0.5856608388163635,0,-0.35454706224435306,3.2397285521666808,0,0,6799,0
0.981393460550917,1,-0.35454706224435306,1.5801434662483465,0,0,11741,0
1.3375421649525716,0,0.2990612414036302,-0.07944161966998751,0,1,11946,1
0.3403257926279386,0,-0.5179491381563489,0.7503509232891795,0,0,7726,0
1.2663124240722408,0,0.6258653932276218,-0.9092341626291546,0,0,11356,1
-0.7281203205770254,1,-0.19114498633235724,-0.07944161966998751,0,1,3947,0
-1.297958247619673,0,0.7892674691396177,-0.9092341626291546,0,1,1532,1
-1.2267285067393419,1,1.442875772787601,-0.9092341626291546,0,0,2755,1
0.1266365699869458,1,0.2990612414036302,-0.9092341626291546,0,0,6571,1
-0.5856608388163635,0,-0.6813512140683446,-0.07944161966998751,0,0,4441,0
0.41155553350826957,1,1.279473696875605,-0.9092341626291546,0,0,7935,1
-1.2267285067393419,0,1.1160716209636092,-0.07944161966998751,1,1,37165,1
0.6252447561492623,1,1.7696799246115926,2.409936009207514,0,0,11033,1
-0.15828239353437792,1,0.6258653932276218,0.7503509232891795,1,0,39836,1
0.41155553350826957,0,-1.334959517716328,0.7503509232891795,1,0,21098,0
1.2663124240722408,1,0.13565916549163437,-0.9092341626291546,1,0,43578,1
1.1950826831919097,1,-0.5179491381563489,-0.9092341626291546,0,0,11073,0
0.48278527438860047,1,-0.5179491381563489,-0.9092341626291546,0,0,8026,0
1.1238529423115788,1,-0.6813512140683446,-0.9092341626291546,0,0,11082,0
-1.297958247619673,1,1.442875772787601,-0.9092341626291546,0,1,2026,1
0.981393460550917,1,-1.0081553658923363,-0.07944161966998751,0,0,10942,0
1.4087719058329027,0,-0.19114498633235724,1.5801434662483465,1,0,30184,0
-0.30074187529503976,0,0.6258653932276218,0.7503509232891795,0,0,5729,1
1.7649206102345572,1,0.13565916549163437,0.7503509232891795,1,0,47291,1
-0.7993500614573563,1,1.1160716209636092,-0.07944161966998751,0,1,3766,1
1.052623201431248,1,-0.02774291042036144,1.5801434662483465,0,0,12105,1
1.1238529423115788,0,1.279473696875605,-0.9092341626291546,0,1,10226,1
1.1950826831919097,0,-1.8251657454523154,-0.9092341626291546,1,0,22412,0
-0.08705265265404699,0,-1.8251657454523154,-0.9092341626291546,1,0,15820,0
0.1266365699869458,1,0.13565916549163437,-0.9092341626291546,0,0,6186,1
-0.6568905796966944,0,-0.8447532899803405,-0.9092341626291546,0,0,3645,0
-1.5116474702606657,1,-0.02774291042036144,-0.9092341626291546,0,0,21344,1
1.5512313875935644,1,-0.19114498633235724,1.5801434662483465,1,1,30942,0
-0.3719716161753707,1,-0.5179491381563489,-0.07944161966998751,0,0,5003,0
-1.3691879885000038,0,-0.35454706224435306,-0.07944161966998751,1,0,17560,0
-1.4404177293803346,1,-0.35454706224435306,-0.07944161966998751,0,0,2331,0
-0.9418095432180181,0,-0.02774291042036144,0.7503509232891795,0,0,3877,1
-0.7281203205770254,0,-0.5179491381563489,-0.9092341626291546,0,1,2867,0
1.6936908693542263,0,0.7892674691396177,-0.9092341626291546,1,1,47055,1
1.052623201431248,0,0.462463317315626,-0.07944161966998751,0,0,10825,1
1.1238529423115788,1,-0.19114498633235724,0.7503509232891795,0,0,11881,0
-0.15828239353437792,0,-0.02774291042036144,-0.9092341626291546,0,0,4646,1
-1.297958247619673,1,0.7892674691396177,-0.9092341626291546,0,0,2404,1
0.9101637196705861,0,0.2990612414036302,1.5801434662483465,0,0,11488,1
1.4800016467132335,0,-0.35454706224435306,-0.9092341626291546,0,0,30259,0
1.3375421649525716,0,3.076896531907559,-0.9092341626291546,0,1,11381,1
-0.7281203205770254,1,-0.5179491381563489,-0.07944161966998751,1,1,19107,0
0.6964744970295933,1,-0.5179491381563489,-0.9092341626291546,0,1,8601,0
-0.15828239353437792,1,-1.1715574418043322,0.7503509232891795,0,0,6686,0
0.3403257926279386,0,1.1160716209636092,0.7503509232891795,0,0,7740,1
-1.5116474702606657,0,-1.1715574418043322,-0.9092341626291546,0,0,1705,0
-1.3691879885000038,1,-0.35454706224435306,-0.9092341626291546,0,0,2257,0
0.3403257926279386,0,0.13565916549163437,-0.07944161966998751,1,0,39556,1
0.5540150152689314,1,0.462463317315626,1.5801434662483465,0,0,10115,1
-0.9418095432180181,1,-0.35454706224435306,-0.9092341626291546,0,0,3385,0
-1.4404177293803346,1,-0.35454706224435306,-0.9092341626291546,1,0,17081,0
0.9101637196705861,1,1.1160716209636092,-0.9092341626291546,0,0,9634,1
-0.5144310979360326,1,-2.151969897276307,0.7503509232891795,1,0,32734,0
-0.08705265265404699,0,0.6258653932276218,0.7503509232891795,0,0,6082,1
1.4087719058329027,1,-0.6813512140683446,-0.9092341626291546,0,0,12815,0
1.5512313875935644,1,-1.334959517716328,-0.9092341626291546,0,0,13616,0
0.981393460550917,1,0.7892674691396177,0.7503509232891795,0,0,11163,1
-1.4404177293803346,0,-0.8447532899803405,-0.9092341626291546,0,0,1632,0
-1.3691879885000038,1,-0.35454706224435306,-0.9092341626291546,0,0,2457,0
-1.2267285067393419,1,-0.35454706224435306,-0.9092341626291546,0,1,2155,0
-1.4404177293803346,0,0.6258653932276218,-0.9092341626291546,0,0,1261,1
-1.2267285067393419,0,-0.8447532899803405,-0.9092341626291546,0,0,2045,0
1.052623201431248,1,0.13565916549163437,1.5801434662483465,0,1,27322,1
-1.2267285067393419,1,0.9526695450516135,-0.9092341626291546,0,0,2166,1
-0.3719716161753707,0,-1.334959517716328,0.7503509232891795,0,0,27375,0
-0.9418095432180181,0,0.2990612414036302,-0.07944161966998751,0,0,3490,1
-0.3719716161753707,0,-0.8447532899803405,0.7503509232891795,1,1,18972,0
-0.7281203205770254,0,-0.19114498633235724,0.7503509232891795,0,0,18157,0
-0.6568905796966944,0,-0.35454706224435306,1.5801434662483465,1,0,20745,0
-0.7281203205770254,1,1.279473696875605,1.5801434662483465,0,1,5138,1
0.48278527438860047,0,-0.02774291042036144,1.5801434662483465,1,0,40720,1
0.8389339787902551,1,1.1160716209636092,-0.07944161966998751,0,1,9877,1
0.981393460550917,1,1.1160716209636092,-0.07944161966998751,0,0,10959,1
-1.4404177293803346,0,-0.35454706224435306,-0.07944161966998751,0,0,1842,0
-0.30074187529503976,0,-1.0081553658923363,-0.07944161966998751,0,0,5125,0
0.6252447561492623,0,-0.19114498633235724,-0.9092341626291546,0,1,7789,0
-0.5144310979360326,1,1.1160716209636092,1.5801434662483465,0,0,6334,1
0.19786631086727674,1,-1.1715574418043322,-0.9092341626291546,1,0,19964,0
0.055406829106614874,1,-0.8447532899803405,-0.07944161966998751,0,0,7077,0
0.3403257926279386,0,1.442875772787601,-0.9092341626291546,0,0,6948,1
0.6252447561492623,0,-1.0081553658923363,-0.9092341626291546,1,1,21223,0
-1.5116474702606657,0,-0.8447532899803405,-0.9092341626291546,1,0,15518,0
-0.6568905796966944,0,0.7892674691396177,-0.9092341626291546,1,1,36950,1
0.7677042379099241,1,-0.5179491381563489,1.5801434662483465,0,1,19749,0
0.19786631086727674,1,-0.6813512140683446,-0.9092341626291546,1,0,21348,0
-1.5116474702606657,1,0.9526695450516135,-0.9092341626291546,1,1,36149,1
1.052623201431248,0,1.442875772787601,-0.07944161966998751,0,0,10450,1
-0.5144310979360326,1,-0.19114498633235724,0.7503509232891795,0,0,5152,0
-0.15828239353437792,0,-0.19114498633235724,-0.9092341626291546,0,0,5028,0
0.5540150152689314,0,-0.35454706224435306,2.409936009207514,0,0,10407,0
-1.3691879885000038,1,1.1160716209636092,3.2397285521666808,0,0,4830,1
-0.5144310979360326,1,0.462463317315626,1.5801434662483465,0,0,6128,1
-1.4404177293803346,1,0.13565916549163437,-0.07944161966998751,0,0,2719,1
-0.8705798023376873,0,-1.9885678213643112,1.5801434662483465,0,0,4827,0
1.6936908693542263,0,1.7696799246115926,-0.9092341626291546,0,1,13405,1
0.6964744970295933,0,-0.02774291042036144,-0.9092341626291546,0,0,8116,1
-1.5116474702606657,0,-2.4787740491002985,-0.9092341626291546,0,0,1694,0
-0.30074187529503976,1,0.6258653932276218,-0.07944161966998751,0,0,5246,1
-1.08426902497868,1,0.462463317315626,-0.9092341626291546,0,0,2855,1
1.6936908693542263,1,1.1160716209636092,-0.9092341626291546,1,0,48824,1
-0.08705265265404699,0,-0.5179491381563489,0.7503509232891795,0,0,6455,0
1.052623201431248,0,-0.19114498633235724,-0.07944161966998751,0,0,10436,0
0.48278527438860047,1,-0.35454706224435306,0.7503509232891795,0,0,8823,0
0.1266365699869458,1,0.462463317315626,1.5801434662483465,0,0,8538,1
1.3375421649525716,0,-0.35454706224435306,-0.9092341626291546,0,0,11735,0
-1.5116474702606657,1,1.279473696875605,-0.9092341626291546,0,1,1631,1
-1.2267285067393419,0,-1.8251657454523154,1.5801434662483465,0,0,4005,0
0.3403257926279386,1,-0.6813512140683446,-0.9092341626291546,0,0,7419,0
0.3403257926279386,0,-0.02774291042036144,0.7503509232891795,0,1,7731,1
-0.22951213441470886,0,1.7696799246115926,1.5801434662483465,1,0,43753,1
-0.9418095432180181,1,-0.19114498633235724,0.7503509232891795,0,1,3981,0
-0.6568905796966944,1,-0.02774291042036144,1.5801434662483465,0,0,5325,1
0.1266365699869458,1,0.2990612414036302,-0.07944161966998751,0,0,6775,1
-0.7281203205770254,1,0.2990612414036302,0.7503509232891795,0,0,4922,1
1.5512313875935644,0,0.13565916549163437,-0.9092341626291546,0,1,12557,1
-0.22951213441470886,1,-0.6813512140683446,-0.9092341626291546,0,0,4883,0
-1.013039284098349,0,-0.8447532899803405,-0.9092341626291546,0,1,2137,0
1.1950826831919097,1,-0.6813512140683446,-0.07944161966998751,0,0,12044,0
-1.5116474702606657,0,0.6258653932276218,-0.9092341626291546,0,1,1137,1
-1.4404177293803346,0,-0.02774291042036144,-0.9092341626291546,0,0,1639,1
-0.015822911773716055,1,0.2990612414036302,-0.9092341626291546,0,0,5649,1
0.41155553350826957,1,-0.35454706224435306,0.7503509232891795,0,1,8516,0
0.8389339787902551,1,-1.9885678213643112,-0.9092341626291546,0,0,9644,0
1.7649206102345572,1,1.442875772787601,-0.9092341626291546,0,0,14901,1
-1.4404177293803346,1,0.2990612414036302,-0.9092341626291546,0,0,2130,1
0.6252447561492623,1,0.2990612414036302,-0.07944161966998751,0,1,8871,1
1.4800016467132335,1,-1.0081553658923363,-0.9092341626291546,0,0,13012,0
-0.8705798023376873,1,0.9526695450516135,-0.9092341626291546,1,1,37133,1
0.48278527438860047,0,-1.334959517716328,-0.9092341626291546,0,0,7147,0
-0.7993500614573563,1,-0.35454706224435306,-0.07944161966998751,0,0,4337,0
1.4087719058329027,0,-0.6813512140683446,-0.9092341626291546,0,1,11743,0
-0.30074187529503976,0,-0.5179491381563489,0.7503509232891795,1,0,20984,0
1.6936908693542263,1,0.13565916549163437,-0.9092341626291546,0,0,13880,1
0.055406829106614874,0,1.7696799246115926,-0.07944161966998751,0,0,6610,1
-1.3691879885000038,0,0.462463317315626,-0.07944161966998751,0,0,1980,1
0.055406829106614874,0,-0.02774291042036144,2.409936009207514,0,0,8162,1
-1.08426902497868,0,-0.35454706224435306,0.7503509232891795,0,0,3537,0
-0.3719716161753707,1,-0.6813512140683446,-0.07944161966998751,0,1,5002,0
0.41155553350826957,1,-0.02774291042036144,0.7503509232891795,0,0,8520,1
0.1266365699869458,1,1.1160716209636092,0.7503509232891795,0,0,7371,1
0.981393460550917,1,-0.6813512140683446,-0.9092341626291546,0,0,10355,0
-0.8705798023376873,0,-1.1715574418043322,-0.9092341626291546,0,1,2483,0
-0.9418095432180181,1,-0.19114498633235724,-0.07944161966998751,0,1,3392,0
-1.08426902497868,1,-1.1715574418043322,-0.9092341626291546,0,1,25081,0
-0.3719716161753707,1,0.462463317315626,-0.07944161966998751,0,0,5012,1
0.981393460550917,1,0.462463317315626,-0.9092341626291546,0,0,10564,1
-0.5144310979360326,0,-0.02774291042036144,1.5801434662483465,0,0,5253,1
-1.4404177293803346,0,0.6258653932276218,-0.9092341626291546,1,0,34779,1
0.19786631086727674,0,-1.0081553658923363,-0.9092341626291546,1,1,19515,0
1.1238529423115788,0,0.462463317315626,1.5801434662483465,0,1,11987,1
-0.7993500614573563,0,1.279473696875605,-0.9092341626291546,0,1,2689,1
1.3375421649525716,1,1.7696799246115926,-0.9092341626291546,0,1,24227,1
0.1266365699869458,1,0.13565916549163437,-0.07944161966998751,0,0,7358,1
0.5540150152689314,0,-0.8447532899803405,0.7503509232891795,0,0,9225,0
0.19786631086727674,1,0.9526695450516135,-0.07944161966998751,0,0,7443,1
1.4087719058329027,1,-0.5179491381563489,1.5801434662483465,0,1,14001,0
-1.4404177293803346,1,-2.151969897276307,-0.9092341626291546,0,0,1727,0
1.4087719058329027,0,-0.5179491381563489,-0.07944161966998751,0,0,12333,0
-0.015822911773716055,0,-1.0081553658923363,0.7503509232891795,0,0,6710,0
0.055406829106614874,1,-1.334959517716328,0.7503509232891795,1,1,19444,0
-1.5116474702606657,1,-0.6813512140683446,-0.9092341626291546,0,1,1615,0
-0.5856608388163635,0,1.279473696875605,0.7503509232891795,0,1,4463,1
-1.4404177293803346,0,-0.19114498633235724,-0.9092341626291546,1,0,17352,0
0.3403257926279386,0,1.279473696875605,-0.07944161966998751,0,1,7152,1
-1.155498765859011,1,0.9526695450516135,0.7503509232891795,1,0,38511,1
-0.44320135705570163,1,-1.334959517716328,-0.07944161966998751,0,0,5354,0
1.1238529423115788,1,-0.6813512140683446,-0.07944161966998751,0,0,35160,0
0.055406829106614874,0,0.7892674691396177,1.5801434662483465,0,0,7196,1
1.6936908693542263,1,-0.5179491381563489,-0.9092341626291546,1,0,29523,0
1.052623201431248,0,-0.02774291042036144,-0.9092341626291546,0,0,24476,1
1.4800016467132335,1,1.279473696875605,-0.9092341626291546,0,1,12648,1
-1.08426902497868,0,0.7892674691396177,-0.9092341626291546,0,1,1986,1
-1.4404177293803346,0,-1.6617636695403195,-0.07944161966998751,0,0,1832,0
-0.7281203205770254,0,-0.35454706224435306,-0.07944161966998751,0,0,4040,0
-1.5116474702606657,0,-2.151969897276307,0.7503509232891795,1,0,12829,0
1.6936908693542263,1,0.2990612414036302,0.7503509232891795,1,0,47305,1
1.052623201431248,0,0.6258653932276218,0.7503509232891795,1,1,44260,1
-0.8705798023376873,0,-0.02774291042036144,1.5801434662483465,0,0,4260,1
0.7677042379099241,0,0.13565916549163437,-0.9092341626291546,1,0,41097,1
1.1238529423115788,1,-0.8447532899803405,1.5801434662483465,0,0,13047,0
1.1950826831919097,0,0.462463317315626,-0.9092341626291546,1,0,43921,1
-0.08705265265404699,1,1.6062778486995968,-0.9092341626291546,0,1,5400,1
0.8389339787902551,0,-1.0081553658923363,2.409936009207514,0,0,11520,0
-1.4404177293803346,0,0.13565916549163437,-0.9092341626291546,1,0,33750,1
1.3375421649525716,1,-0.8447532899803405,-0.9092341626291546,0,0,11837,0
-1.3691879885000038,1,-0.6813512140683446,-0.07944161966998751,1,1,17085,0
0.9101637196705861,0,-1.0081553658923363,1.5801434662483465,1,0,24869,0
-1.4404177293803346,0,0.9526695450516135,-0.9092341626291546,1,0,36219,1
0.981393460550917,1,1.279473696875605,1.5801434662483465,0,1,20462,1
0.48278527438860047,0,1.9330820005235883,1.5801434662483465,1,1,46151,1
0.055406829106614874,0,-1.8251657454523154,-0.07944161966998751,1,1,17179,0
1.4087719058329027,1,0.2990612414036302,1.5801434662483465,0,0,14590,1
0.41155553350826957,0,-0.02774291042036144,-0.07944161966998751,0,0,7441,1
0.6964744970295933,0,-0.8447532899803405,-0.07944161966998751,0,0,9282,0
-1.5116474702606657,0,-0.19114498633235724,-0.07944161966998751,0,1,1719,0
0.7677042379099241,0,0.6258653932276218,0.7503509232891795,1,0,42856,1
0.1266365699869458,0,1.1160716209636092,0.7503509232891795,0,0,7265,1
0.7677042379099241,0,-0.5179491381563489,-0.07944161966998751,0,0,9617,0
-1.013039284098349,0,-0.5179491381563489,-0.9092341626291546,0,0,2523,0
0.5540150152689314,1,-0.6813512140683446,0.7503509232891795,0,0,9715,0
-1.4404177293803346,0,-1.6617636695403195,0.7503509232891795,0,0,2803,0
-1.2267285067393419,1,-1.0081553658923363,-0.9092341626291546,0,0,2150,0
1.4087719058329027,0,0.13565916549163437,0.7503509232891795,0,1,12928,1
0.8389339787902551,1,-1.4983615936283237,-0.07944161966998751,0,1,9855,0
0.055406829106614874,1,-0.35454706224435306,-0.07944161966998751,1,0,22331,0
1.052623201431248,0,1.6062778486995968,1.5801434662483465,1,0,48549,1
-0.6568905796966944,0,-0.5179491381563489,-0.07944161966998751,0,0,4237,0
1.1238529423115788,1,0.2990612414036302,-0.07944161966998751,0,0,11879,1
0.9101637196705861,1,0.13565916549163437,-0.9092341626291546,0,0,9625,1
0.48278527438860047,0,-0.6813512140683446,-0.07944161966998751,0,1,7742,0
0.48278527438860047,1,2.913494455995563,0.7503509232891795,0,0,9432,1
1.6936908693542263,1,-0.6813512140683446,-0.9092341626291546,0,0,14256,0
1.4087719058329027,1,0.9526695450516135,-0.07944161966998751,1,0,47896,1
0.9101637196705861,0,-0.6813512140683446,1.5801434662483465,0,1,25992,0
-0.7993500614573563,1,0.462463317315626,-0.9092341626291546,0,0,3172,1
-0.7281203205770254,0,-0.19114498633235724,-0.07944161966998751,0,0,20277,0
-1.013039284098349,0,2.4232882282595756,0.7503509232891795,1,1,42112,1
-1.2267285067393419,1,-0.35454706224435306,-0.9092341626291546,0,1,2156,0
-1.013039284098349,0,-0.6813512140683446,1.5801434662483465,0,0,3906,0
-1.5116474702606657,0,-1.334959517716328,-0.9092341626291546,0,0,1704,0
-1.4404177293803346,0,-0.5179491381563489,-0.9092341626291546,1,0,16297,0
0.5540150152689314,0,-0.8447532899803405,-0.07944161966998751,1,1,21978,0
-0.5856608388163635,0,0.6258653932276218,1.5801434662483465,1,0,38746,1
0.6252447561492623,1,-0.35454706224435306,-0.07944161966998751,0,0,9249,0
-0.22951213441470886,0,-0.5179491381563489,1.5801434662483465,0,0,6746,0
0.981393460550917,1,-1.334959517716328,1.5801434662483465,1,0,24873,0
1.1950826831919097,1,1.1160716209636092,0.7503509232891795,0,1,12265,1
-0.7993500614573563,1,0.462463317315626,0.7503509232891795,0,1,4349,1
1.2663124240722408,1,1.279473696875605,0.7503509232891795,0,0,12646,1
-0.7281203205770254,0,0.462463317315626,0.7503509232891795,0,0,19442,1
-0.7993500614573563,1,-0.5179491381563489,0.7503509232891795,0,0,20177,0
-0.6568905796966944,1,0.462463317315626,-0.07944161966998751,0,1,4151,1
1.3375421649525716,0,0.6258653932276218,-0.9092341626291546,0,0,11944,1
0.1266365699869458,1,0.462463317315626,0.7503509232891795,0,0,7749,1
0.7677042379099241,0,-0.6813512140683446,-0.9092341626291546,0,0,8444,0
-1.4404177293803346,1,-1.0081553658923363,-0.9092341626291546,0,0,1737,0
0.2690960517476077,0,0.7892674691396177,1.5801434662483465,1,1,42124,1
0.6964744970295933,0,0.7892674691396177,-0.9092341626291546,0,1,8124,1
-0.8705798023376873,1,0.13565916549163437,-0.9092341626291546,1,0,34838,1
0.9101637196705861,0,0.462463317315626,-0.9092341626291546,0,0,9722,1
0.7677042379099241,0,0.2990612414036302,-0.9092341626291546,0,0,8835,1
1.052623201431248,0,0.2990612414036302,-0.9092341626291546,0,0,10435,1
0.3403257926279386,1,-0.5179491381563489,-0.9092341626291546,0,0,7421,0
-0.5144310979360326,0,1.1160716209636092,-0.07944161966998751,0,0,4667,1
-0.3719716161753707,0,-0.8447532899803405,-0.07944161966998751,0,0,4894,0
-0.9418095432180181,1,-0.19114498633235724,2.409936009207514,0,0,24671,0
-0.3719716161753707,0,-0.02774291042036144,-0.9092341626291546,1,0,35491,1
1.2663124240722408,0,1.6062778486995968,-0.9092341626291546,0,0,11566,1
-0.7281203205770254,0,-0.5179491381563489,-0.9092341626291546,0,0,2866,0
0.055406829106614874,0,0.6258653932276218,-0.07944161966998751,0,0,6600,1
-0.8705798023376873,1,-1.1715574418043322,-0.07944161966998751,0,1,3561,0
0.41155553350826957,0,0.9526695450516135,0.7503509232891795,1,0,42760,1
1.7649206102345572,1,0.462463317315626,-0.07944161966998751,1,0,47928,1
0.9101637196705861,0,0.9526695450516135,-0.9092341626291546,0,0,9144,1
1.5512313875935644,1,0.9526695450516135,-0.07944161966998751,1,0,48517,1
0.9101637196705861,0,-0.5179491381563489,-0.9092341626291546,1,0,24393,0
1.5512313875935644,1,0.13565916549163437,-0.9092341626291546,0,0,13429,1
1.1950826831919097,1,-0.35454706224435306,-0.9092341626291546,0,0,11658,0
0.2690960517476077,1,0.7892674691396177,0.7503509232891795,0,0,19144,1
1.7649206102345572,0,0.6258653932276218,-0.9092341626291546,0,0,13822,1
1.4800016467132335,0,-0.8447532899803405,-0.9092341626291546,0,1,12142,0
1.6224611284738955,0,-0.5179491381563489,-0.07944161966998751,0,0,13937,0
0.7677042379099241,0,0.2990612414036302,-0.07944161966998751,1,0,41919,1
0.48278527438860047,1,-0.5179491381563489,-0.07944161966998751,0,1,8232,0
-1.08426902497868,1,-0.5179491381563489,-0.9092341626291546,0,0,18955,0
1.6224611284738955,0,-0.02774291042036144,-0.9092341626291546,0,0,13352,1
1.4800016467132335,1,-0.5179491381563489,-0.9092341626291546,0,0,13217,0
1.6936908693542263,0,0.9526695450516135,-0.9092341626291546,0,0,13981,1
0.6964744970295933,1,1.7696799246115926,2.409936009207514,0,1,10977,1
-0.3719716161753707,1,-0.19114498633235724,1.5801434662483465,0,1,6184,0
-0.44320135705570163,0,0.7892674691396177,0.7503509232891795,0,1,4889,1
0.48278527438860047,0,0.462463317315626,-0.07944161966998751,0,0,8334,1
-0.22951213441470886,1,-0.19114498633235724,-0.07944161966998751,0,1,5478,0
-1.4404177293803346,0,-0.5179491381563489,-0.9092341626291546,0,0,1635,0
1.2663124240722408,1,-1.1715574418043322,-0.9092341626291546,0,0,11830,0
0.7677042379099241,1,-0.8447532899803405,-0.9092341626291546,0,0,8932,0
-0.6568905796966944,1,-0.5179491381563489,-0.9092341626291546,0,0,3554,0
-0.44320135705570163,0,0.7892674691396177,-0.9092341626291546,0,0,12404,1
-1.5116474702606657,1,1.279473696875605,-0.9092341626291546,0,1,14133,1
0.48278527438860047,0,-0.5179491381563489,-0.9092341626291546,0,0,24603,0
0.48278527438860047,0,2.0964840764355843,1.5801434662483465,0,1,8944,1
0.5540150152689314,0,-0.19114498633235724,1.5801434662483465,0,0,9620,0
-1.155498765859011,0,1.7696799246115926,-0.9092341626291546,0,1,1837,1
-1.5116474702606657,1,-1.6617636695403195,-0.9092341626291546,0,1,1607,0
0.6252447561492623,1,0.2990612414036302,0.7503509232891795,0,0,10043,1
-0.30074187529503976,0,-0.02774291042036144,-0.07944161966998751,0,0,4751,1
-1.4404177293803346,1,-1.4983615936283237,-0.9092341626291546,1,0,13844,0
-1.297958247619673,1,-0.6813512140683446,-0.07944161966998751,0,0,2597,0
-1.297958247619673,1,-1.4983615936283237,0.7503509232891795,0,1,3180,0
0.6964744970295933,1,-0.02774291042036144,-0.07944161966998751,0,0,9778,1
1.1950826831919097,1,0.2990612414036302,1.5801434662483465,0,0,13430,1
0.19786631086727674,1,-1.0081553658923363,0.7503509232891795,0,0,8017,0
0.3403257926279386,0,0.2990612414036302,0.7503509232891795,0,0,8116,1
-1.5116474702606657,0,-0.02774291042036144,1.5801434662483465,0,0,3481,1
1.5512313875935644,1,-1.4983615936283237,-0.9092341626291546,0,0,13415,0
1.2663124240722408,1,-1.334959517716328,-0.9092341626291546,0,0,12029,0
0.19786631086727674,1,0.462463317315626,-0.07944161966998751,0,0,7639,1
-0.9418095432180181,0,0.2990612414036302,0.7503509232891795,1,0,36085,1
-1.3691879885000038,0,0.462463317315626,-0.9092341626291546,0,1,1391,1
-1.155498765859011,1,-0.35454706224435306,-0.9092341626291546,1,0,18033,0
-0.015822911773716055,1,-1.0081553658923363,1.5801434662483465,1,0,21659,0
-1.08426902497868,0,1.6062778486995968,-0.9092341626291546,1,1,38126,1
1.7649206102345572,1,-0.02774291042036144,1.5801434662483465,0,0,16455,1
1.6224611284738955,0,0.13565916549163437,-0.07944161966998751,0,1,27000,1
-0.8705798023376873,1,-2.151969897276307,0.7503509232891795,1,0,15006,0
1.1238529423115788,0,-0.02774291042036144,-0.9092341626291546,1,0,42303,1
1.1238529423115788,0,0.462463317315626,-0.9092341626291546,0,1,20781,1
-0.30074187529503976,1,2.0964840764355843,0.7503509232891795,0,1,5846,1
0.3403257926279386,0,-1.334959517716328,0.7503509232891795,0,0,8302,0
-1.4404177293803346,0,0.6258653932276218,-0.9092341626291546,0,0,1261,1
1.3375421649525716,1,1.442875772787601,-0.9092341626291546,0,1,11856,1
0.7677042379099241,0,-0.8447532899803405,0.7503509232891795,0,0,30284,0
-0.9418095432180181,1,-1.334959517716328,-0.9092341626291546,0,0,3176,0
-1.08426902497868,1,-0.02774291042036144,1.5801434662483465,0,0,4618,1
0.6252447561492623,0,0.7892674691396177,2.409936009207514,0,0,10736,1
-1.4404177293803346,1,1.1160716209636092,-0.9092341626291546,0,0,2138,1
0.6252447561492623,0,0.13565916549163437,-0.07944161966998751,0,0,8964,1
0.6964744970295933,0,0.13565916549163437,-0.07944161966998751,0,0,9290,1
0.48278527438860047,1,0.2990612414036302,0.7503509232891795,0,0,9411,1
0.48278527438860047,0,-1.8251657454523154,-0.9092341626291546,0,0,7526,0
0.2690960517476077,1,0.6258653932276218,1.5801434662483465,0,0,8522,1
-1.297958247619673,0,0.13565916549163437,-0.9092341626291546,0,1,16586,1
1.7649206102345572,0,-0.8447532899803405,0.7503509232891795,0,0,14988,0
-1.5116474702606657,1,1.279473696875605,-0.9092341626291546,0,1,1631,1
0.8389339787902551,1,-1.6617636695403195,-0.9092341626291546,0,0,9264,0
0.5540150152689314,0,2.7500923800835673,-0.07944161966998751,0,1,8083,1
1.7649206102345572,1,0.2990612414036302,-0.9092341626291546,0,0,14692,1
0.6964744970295933,0,0.2990612414036302,1.5801434662483465,0,0,10269,1
-0.5856608388163635,0,-1.6617636695403195,-0.9092341626291546,0,0,3260,0
0.9101637196705861,1,1.279473696875605,0.7503509232891795,0,0,11396,1
-0.44320135705570163,1,-1.0081553658923363,-0.9092341626291546,0,1,4185,0
0.5540150152689314,1,-1.1715574418043322,-0.07944161966998751,0,0,8539,0
-0.08705265265404699,0,-1.4983615936283237,1.5801434662483465,0,1,6652,0
-0.5144310979360326,0,-0.02774291042036144,-0.07944161966998751,0,1,4074,1
-1.4404177293803346,0,-2.151969897276307,-0.9092341626291546,0,0,1621,0
0.3403257926279386,1,-1.6617636695403195,-0.07944161966998751,1,0,19594,0
-0.9418095432180181,1,-2.151969897276307,0.7503509232891795,1,0,14455,0
-1.013039284098349,0,-1.1715574418043322,3.2397285521666808,0,0,5080,0
-1.4404177293803346,1,0.7892674691396177,-0.9092341626291546,0,0,2134,1
0.2690960517476077,1,0.7892674691396177,-0.07944161966998751,0,1,7345,1
0.9101637196705861,0,0.6258653932276218,-0.9092341626291546,0,1,9140,1
-0.22951213441470886,1,-1.334959517716328,0.7503509232891795,1,0,18608,0
1.7649206102345572,0,1.442875772787601,-0.07944161966998751,0,1,14418,1
1.6936908693542263,1,-0.6813512140683446,-0.9092341626291546,1,0,28950,0
1.7649206102345572,0,0.462463317315626,-0.9092341626291546,1,1,46889,1
1.5512313875935644,0,0.7892674691396177,-0.9092341626291546,1,1,46599,1
0.055406829106614874,0,0.2990612414036302,-0.07944161966998751,1,0,39125,1
-1.013039284098349,0,-0.02774291042036144,-0.9092341626291546,0,0,2727,1
0.6252447561492623,0,-0.02774291042036144,0.7503509232891795,0,0,8968,1
0.41155553350826957,0,-1.0081553658923363,3.2397285521666808,0,1,9788,0
-0.08705265265404699,1,-0.5179491381563489,-0.07944161966998751,0,0,6555,0
-1.5116474702606657,1,-0.19114498633235724,-0.9092341626291546,0,0,7323,0
-1.297958247619673,1,-2.3153719731883027,-0.07944161966998751,0,0,3167,0
-0.8705798023376873,1,-0.02774291042036144,1.5801434662483465,0,0,18804,1
-1.4404177293803346,0,0.462463317315626,-0.9092341626291546,0,0,23082,1
-0.7281203205770254,1,-1.6617636695403195,0.7503509232891795,0,0,4906,0
0.19786631086727674,0,-0.6813512140683446,-0.9092341626291546,0,0,5969,0
1.4800016467132335,1,-0.02774291042036144,-0.9092341626291546,0,0,12638,1
-0.5856608388163635,0,-0.35454706224435306,-0.07944161966998751,0,0,4243,0
1.4800016467132335,0,0.462463317315626,1.5801434662483465,0,1,13919,1
-1.2267285067393419,0,0.13565916549163437,-0.9092341626291546,0,0,2254,1
-0.30074187529503976,0,-0.35454706224435306,1.5801434662483465,0,0,5926,0
0.9101637196705861,1,2.5866903041715714,3.2397285521666808,0,1,12592,1
-0.9418095432180181,0,-0.19114498633235724,-0.9092341626291546,0,0,2897,0
-0.5856608388163635,1,0.2990612414036302,-0.07944161966998751,0,0,4738,1
-0.44320135705570163,1,0.462463317315626,-0.9092341626291546,1,0,37079,1
-1.5116474702606657,0,2.0964840764355843,-0.9092341626291546,0,1,1149,1
1.4087719058329027,1,0.9526695450516135,-0.07944161966998751,0,1,28287,1
1.1950826831919097,0,-0.6813512140683446,-0.07944161966998751,1,0,26109,0
0.41155553350826957,1,0.462463317315626,-0.9092341626291546,0,0,7345,1
1.4800016467132335,0,-0.19114498633235724,-0.9092341626291546,0,0,12730,0
1.1950826831919097,1,-0.8447532899803405,-0.9092341626291546,0,0,11454,0
0.055406829106614874,1,-0.19114498633235724,-0.9092341626291546,0,0,5910,0
-0.30074187529503976,0,1.279473696875605,-0.07944161966998751,0,0,4762,1
-0.015822911773716055,0,-0.19114498633235724,2.409936009207514,0,0,7512,0
-0.6568905796966944,0,-1.0081553658923363,-0.07944161966998751,0,0,4032,0
-1.08426902497868,0,-1.1715574418043322,-0.9092341626291546,0,0,1969,0
-1.3691879885000038,0,-0.19114498633235724,-0.9092341626291546,0,0,1769,0
-0.5144310979360326,0,2.5866903041715714,0.7503509232891795,0,1,4686,1
1.4087719058329027,0,1.1160716209636092,-0.9092341626291546,0,0,21797,1
1.1238529423115788,1,-0.02774291042036144,0.7503509232891795,0,1,11881,1
1.2663124240722408,1,-0.02774291042036144,-0.9092341626291546,0,0,11840,1
1.1950826831919097,0,1.442875772787601,-0.9092341626291546,0,0,10601,1
0.055406829106614874,1,0.462463317315626,1.5801434662483465,0,1,7682,1
0.6964744970295933,1,0.9526695450516135,1.5801434662483465,0,1,10381,1
0.19786631086727674,0,-0.02774291042036144,-0.9092341626291546,1,0,22144,1
1.6224611284738955,1,1.279473696875605,0.7503509232891795,0,0,15230,1
1.1950826831919097,0,-0.8447532899803405,-0.9092341626291546,0,0,11165,0
-1.4404177293803346,0,-0.8447532899803405,-0.9092341626291546,0,0,1632,0
-0.6568905796966944,1,-0.35454706224435306,-0.07944161966998751,1,1,19521,0
1.4800016467132335,1,-0.35454706224435306,-0.07944161966998751,0,0,13224,0
1.1950826831919097,1,0.462463317315626,0.7503509232891795,0,0,12643,1
-0.7993500614573563,1,-1.0081553658923363,-0.07944161966998751,0,0,23288,0
-1.5116474702606657,1,-1.0081553658923363,-0.07944161966998751,0,1,2201,0
-0.8705798023376873,0,0.2990612414036302,-0.9092341626291546,0,1,2497,1
-1.5116474702606657,1,-0.02774291042036144,-0.9092341626291546,0,0,2203,1
-1.4404177293803346,1,-0.19114498633235724,-0.9092341626291546,0,0,1744,0
0.5540150152689314,1,0.462463317315626,-0.9092341626291546,0,0,20878,1
1.052623201431248,0,-0.8447532899803405,1.5801434662483465,1,0,25382,0
1.5512313875935644,0,-0.35454706224435306,-0.07944161966998751,1,0,28868,0
-1.08426902497868,0,-0.35454706224435306,-0.9092341626291546,1,0,35147,0
-1.013039284098349,0,0.7892674691396177,-0.9092341626291546,0,0,2534,1
-1.297958247619673,0,0.9526695450516135,-0.9092341626291546,0,1,1534,1
-1.155498765859011,0,0.2990612414036302,-0.9092341626291546,0,1,1824,1
1.6936908693542263,0,1.7696799246115926,1.5801434662483465,0,0,15555,1
0.6964744970295933,0,1.1160716209636092,0.7503509232891795,0,1,9304,1
-1.5116474702606657,1,0.13565916549163437,-0.9092341626291546,0,1,1622,1
0.8389339787902551,1,1.442875772787601,-0.07944161966998751,0,0,9880,1
0.6252447561492623,0,0.6258653932276218,1.5801434662483465,0,0,9563,1
-0.5856608388163635,1,0.13565916549163437,-0.9092341626291546,0,0,4347,1
1.052623201431248,1,-1.4983615936283237,1.5801434662483465,0,0,12475,0
-1.4404177293803346,0,-0.35454706224435306,-0.9092341626291546,0,0,1253,0
0.3403257926279386,1,1.279473696875605,-0.9092341626291546,1,1,48885,1
0.981393460550917,0,0.13565916549163437,-0.07944161966998751,0,0,10461,1
-1.4404177293803346,1,0.2990612414036302,-0.9092341626291546,0,0,1748,1
1.5512313875935644,1,-0.8447532899803405,-0.9092341626291546,0,1,24513,0
-1.5116474702606657,1,-0.8447532899803405,-0.9092341626291546,0,0,2196,0
1.5512313875935644,0,2.0964840764355843,-0.9092341626291546,0,0,12574,1
-1.297958247619673,0,-0.8447532899803405,2.409936009207514,1,0,17942,0
-1.3691879885000038,0,-0.5179491381563489,-0.9092341626291546,0,0,1967,0
-0.5856608388163635,1,-1.1715574418043322,0.7503509232891795,0,0,4931,0
0.41155553350826957,0,-0.35454706224435306,0.7503509232891795,0,0,8027,0
0.3403257926279386,1,-1.1715574418043322,0.7503509232891795,0,1,8211,0
1.6224611284738955,1,1.442875772787601,-0.9092341626291546,0,0,13470,1
-0.7281203205770254,0,0.6258653932276218,-0.9092341626291546,1,0,36197,1
0.2690960517476077,0,-0.6813512140683446,-0.9092341626291546,0,0,6837,0
0.8389339787902551,0,-1.1715574418043322,-0.07944161966998751,1,1,22218,0
-1.4404177293803346,0,-0.02774291042036144,-0.9092341626291546,1,1,32548,1
-0.08705265265404699,1,-0.35454706224435306,-0.07944161966998751,0,1,5974,0
-0.15828239353437792,0,-0.02774291042036144,1.5801434662483465,0,0,6796,1
-1.2267285067393419,0,0.13565916549163437,-0.07944161966998751,0,0,2643,1
-1.297958247619673,0,-1.1715574418043322,0.7503509232891795,0,0,3077,0
-1.08426902497868,1,-0.8447532899803405,-0.9092341626291546,0,0,3044,0
1.2663124240722408,1,-0.35454706224435306,-0.9092341626291546,0,0,11455,0
1.1950826831919097,0,0.2990612414036302,-0.07944161966998751,0,0,11763,1
-0.8705798023376873,0,0.462463317315626,-0.9092341626291546,0,1,2498,1
0.8389339787902551,0,-1.334959517716328,-0.9092341626291546,0,0,9361,0
-1.4404177293803346,0,-0.02774291042036144,-0.9092341626291546,0,0,1256,1
-0.015822911773716055,0,-0.35454706224435306,-0.07944161966998751,1,0,21082,0
1.3375421649525716,0,0.7892674691396177,-0.9092341626291546,0,0,11362,1
-1.3691879885000038,0,0.7892674691396177,-0.07944161966998751,0,1,27724,1
0.41155553350826957,0,-0.02774291042036144,0.7503509232891795,0,0,8413,1
-0.30074187529503976,1,0.13565916549163437,-0.07944161966998751,0,0,5240,1
-0.5856608388163635,0,-0.02774291042036144,-0.9092341626291546,0,0,3857,1
0.7677042379099241,1,-0.5179491381563489,-0.9092341626291546,0,0,25656,0
-0.5144310979360326,1,2.25988615234758,-0.9092341626291546,0,1,3994,1
0.8389339787902551,1,0.462463317315626,-0.9092341626291546,0,0,9866,1
-0.08705265265404699,1,1.1160716209636092,-0.9092341626291546,0,1,5397,1
0.19786631086727674,0,-0.6813512140683446,-0.07944161966998751,1,1,38245,0
-1.5116474702606657,1,0.462463317315626,-0.9092341626291546,0,1,11482,1
-1.4404177293803346,1,-0.02774291042036144,0.7503509232891795,0,0,24059,1
0.8389339787902551,1,-0.8447532899803405,-0.07944161966998751,0,0,9861,0
0.48278527438860047,0,1.442875772787601,-0.07944161966998751,0,0,8342,1
-1.5116474702606657,0,-0.8447532899803405,-0.9092341626291546,0,0,1708,0
1.2663124240722408,0,1.9330820005235883,-0.07944161966998751,1,1,48675,1
1.6224611284738955,1,0.13565916549163437,-0.9092341626291546,0,0,14043,1
1.4087719058329027,0,-0.19114498633235724,0.7503509232891795,0,1,12925,0
-0.15828239353437792,0,0.9526695450516135,-0.9092341626291546,0,1,19214,1
1.7649206102345572,0,1.6062778486995968,-0.9092341626291546,0,1,13831,1
-0.08705265265404699,0,-0.35454706224435306,-0.07944161966998751,0,0,6067,0
-0.44320135705570163,1,1.279473696875605,1.5801434662483465,0,0,5972,1
0.48278527438860047,1,-0.02774291042036144,0.7503509232891795,0,0,8825,1
0.48278527438860047,1,-0.35454706224435306,-0.07944161966998751,0,1,8233,0
0.981393460550917,0,0.13565916549163437,-0.9092341626291546,0,1,27346,1
-0.3719716161753707,1,1.279473696875605,1.5801434662483465,0,0,6196,1
-1.3691879885000038,1,0.13565916549163437,0.7503509232891795,0,1,3056,1
1.6936908693542263,1,0.9526695450516135,-0.9092341626291546,0,1,13887,1
1.052623201431248,1,2.7500923800835673,-0.9092341626291546,1,1,63770,1
1.052623201431248,0,-0.02774291042036144,-0.9092341626291546,0,0,10231,1
0.6964744970295933,0,-0.8447532899803405,0.7503509232891795,1,0,23807,0
-0.7993500614573563,0,0.7892674691396177,-0.9092341626291546,0,0,3268,1
1.052623201431248,1,2.5866903041715714,0.7503509232891795,0,0,11538,1
-1.013039284098349,1,-0.35454706224435306,-0.9092341626291546,0,0,3213,0
0.2690960517476077,1,2.5866903041715714,-0.9092341626291546,1,1,45863,1
1.6936908693542263,0,-0.02774291042036144,-0.9092341626291546,0,0,13390,1
-0.5144310979360326,1,-0.35454706224435306,-0.9092341626291546,0,1,3972,0
1.6224611284738955,0,-1.4983615936283237,-0.9092341626291546,0,0,12957,0
0.9101637196705861,1,0.13565916549163437,0.7503509232891795,0,0,11187,1
-1.013039284098349,1,1.7696799246115926,-0.9092341626291546,0,0,17878,1
-0.7993500614573563,0,-1.1715574418043322,0.7503509232891795,0,0,3847,0
0.48278527438860047,0,0.462463317315626,-0.07944161966998751,0,0,8334,1
-0.3719716161753707,0,0.6258653932276218,-0.9092341626291546,0,1,3935,1
-0.30074187529503976,1,0.6258653932276218,1.5801434662483465,1,0,39983,1
-1.4404177293803346,0,0.7892674691396177,-0.9092341626291546,0,0,1646,1
0.48278527438860047,1,-1.8251657454523154,0.7503509232891795,0,0,9193,0
1.052623201431248,1,0.2990612414036302,-0.9092341626291546,0,0,10923,1
-0.8705798023376873,0,-0.02774291042036144,-0.9092341626291546,0,0,2494,1
0.7677042379099241,0,2.25988615234758,-0.07944161966998751,0,1,9058,1
-1.5116474702606657,1,0.2990612414036302,0.7503509232891795,0,1,2801,1
-1.4404177293803346,1,-0.02774291042036144,-0.9092341626291546,0,0,2128,1
-0.08705265265404699,1,1.6062778486995968,-0.07944161966998751,0,0,6373,1
0.1266365699869458,0,-0.02774291042036144,0.7503509232891795,0,0,7256,1
0.6964744970295933,1,0.13565916549163437,3.2397285521666808,0,0,11552,1
0.6252447561492623,0,1.6062778486995968,0.7503509232891795,1,0,45702,1
-0.5856608388163635,1,-0.19114498633235724,-0.9092341626291546,0,0,3761,0
-1.5116474702606657,1,1.1160716209636092,-0.07944161966998751,0,1,2219,1
-0.6568905796966944,1,2.0964840764355843,0.7503509232891795,0,1,4753,1
1.6224611284738955,1,0.9526695450516135,-0.07944161966998751,0,0,31620,1
1.2663124240722408,1,0.6258653932276218,0.7503509232891795,0,0,13224,1
1.3375421649525716,1,-0.5179491381563489,-0.9092341626291546,0,0,12222,0
-1.2267285067393419,0,-0.6813512140683446,-0.9092341626291546,0,1,1664,0
-0.5856608388163635,1,1.279473696875605,-0.07944161966998751,1,0,58571,1
0.9101637196705861,0,-0.02774291042036144,-0.07944161966998751,0,0,9724,1
-1.013039284098349,1,-1.1715574418043322,-0.9092341626291546,0,0,3206,0
1.4087719058329027,0,-0.8447532899803405,-0.07944161966998751,0,0,12913,0
-0.015822911773716055,0,2.4232882282595756,0.7503509232891795,0,1,6356,1
-0.5144310979360326,1,-1.1715574418043322,-0.07944161966998751,0,1,17626,0
-1.4404177293803346,0,-1.6617636695403195,-0.9092341626291546,0,0,1242,0
-0.44320135705570163,1,-0.35454706224435306,-0.07944161966998751,0,1,4779,0
-1.297958247619673,0,-1.6617636695403195,1.5801434662483465,0,0,3861,0
-0.3719716161753707,1,-0.02774291042036144,-0.07944161966998751,1,0,43943,1
1.5512313875935644,1,0.7892674691396177,-0.9092341626291546,0,0,13635,1
-0.08705265265404699,1,-0.02774291042036144,-0.07944161966998751,0,1,5976,1
1.3375421649525716,1,-0.19114498633235724,-0.9092341626291546,0,0,11842,0
0.5540150152689314,0,-1.8251657454523154,-0.07944161966998751,0,0,8428,0
-1.3691879885000038,0,0.13565916549163437,0.7503509232891795,0,1,2566,1
-1.297958247619673,1,-1.4983615936283237,-0.07944161966998751,1,0,15359,0
0.1266365699869458,0,1.6062778486995968,-0.9092341626291546,0,1,5709,1
0.48278527438860047,1,0.462463317315626,-0.07944161966998751,0,0,8823,1
0.19786631086727674,1,-0.19114498633235724,0.7503509232891795,0,1,7640,0
-0.3719716161753707,1,0.462463317315626,-0.07944161966998751,0,0,5594,1
0.2690960517476077,0,0.2990612414036302,0.7503509232891795,0,0,7441,1
0.9101637196705861,1,1.1160716209636092,0.7503509232891795,0,0,33471,1
-1.5116474702606657,1,1.442875772787601,-0.9092341626291546,0,1,1633,1
0.8389339787902551,0,0.13565916549163437,-0.9092341626291546,0,0,9174,1
1.1950826831919097,1,-0.8447532899803405,-0.9092341626291546,0,0,11070,0
1.7649206102345572,1,1.442875772787601,1.5801434662483465,0,1,16085,1
-1.4404177293803346,1,-0.35454706224435306,-0.9092341626291546,1,0,17468,0
0.8389339787902551,1,0.6258653932276218,-0.9092341626291546,0,1,9283,1
-0.8705798023376873,1,-0.8447532899803405,-0.9092341626291546,0,0,3558,0
1.4087719058329027,1,-1.1715574418043322,-0.9092341626291546,1,0,25678,0
-0.7993500614573563,0,-0.6813512140683446,0.7503509232891795,0,0,4435,0
-0.6568905796966944,0,1.1160716209636092,0.7503509232891795,1,0,39241,1
0.5540150152689314,1,-0.19114498633235724,-0.07944161966998751,0,1,8547,0
-0.08705265265404699,1,0.6258653932276218,0.7503509232891795,0,0,6571,1
-1.5116474702606657,1,0.462463317315626,-0.9092341626291546,0,0,2207,1
-0.3719716161753707,1,-1.8251657454523154,1.5801434662483465,0,0,6753,0
-1.3691879885000038,1,0.462463317315626,-0.9092341626291546,0,1,1880,1
0.5540150152689314,1,0.9526695450516135,-0.07944161966998751,1,1,42969,1
1.1950826831919097,1,-0.35454706224435306,-0.9092341626291546,0,0,11658,0
0.6964744970295933,0,-0.8447532899803405,0.7503509232891795,1,0,23306,0
-1.4404177293803346,1,0.462463317315626,-0.9092341626291546,1,1,34439,1
1.1238529423115788,1,1.1160716209636092,-0.9092341626291546,0,0,10713,1
-0.6568905796966944,0,0.13565916549163437,-0.07944161966998751,0,0,3659,1
-0.15828239353437792,0,0.6258653932276218,2.409936009207514,1,0,40182,1
0.6964744970295933,1,-1.4983615936283237,-0.07944161966998751,0,0,9182,0
-1.5116474702606657,0,0.462463317315626,-0.9092341626291546,1,0,34617,1
1.4087719058329027,0,-0.35454706224435306,-0.9092341626291546,0,0,12129,0
-0.7281203205770254,1,-0.6813512140683446,-0.9092341626291546,0,0,3736,0
-0.22951213441470886,0,-0.35454706224435306,1.5801434662483465,0,0,6748,0
-0.44320135705570163,0,1.9330820005235883,-0.07944161966998751,0,1,11326,1
1.3375421649525716,0,1.279473696875605,-0.9092341626291546,0,0,11365,1
0.3403257926279386,1,1.279473696875605,-0.9092341626291546,1,0,42983,1
0.981393460550917,0,0.9526695450516135,-0.07944161966998751,0,0,10085,1
-1.08426902497868,0,-0.19114498633235724,-0.9092341626291546,0,0,1977,0
-0.7281203205770254,1,0.7892674691396177,-0.9092341626291546,0,1,3366,1
0.055406829106614874,0,-1.334959517716328,0.7503509232891795,0,0,7173,0
0.8389339787902551,0,1.442875772787601,-0.07944161966998751,0,0,9391,1
1.7649206102345572,0,1.279473696875605,-0.9092341626291546,0,0,14410,1
-1.4404177293803346,1,-1.0081553658923363,-0.07944161966998751,0,0,2709,0
-0.30074187529503976,1,1.279473696875605,0.7503509232891795,0,0,24915,1
-0.015822911773716055,0,-0.6813512140683446,-0.9092341626291546,1,0,20149,0
1.1950826831919097,0,0.462463317315626,2.409936009207514,0,1,12949,1
-0.44320135705570163,0,1.9330820005235883,3.2397285521666808,0,0,6666,1
0.19786631086727674,0,-0.35454706224435306,1.5801434662483465,1,0,32787,0
1.5512313875935644,0,0.462463317315626,-0.9092341626291546,0,0,13143,1
-1.155498765859011,1,0.6258653932276218,1.5801434662483465,0,0,4466,1
0.2690960517476077,0,0.7892674691396177,0.7503509232891795,0,1,18806,1
0.6252447561492623,0,-0.02774291042036144,1.5801434662483465,0,0,10141,1
-0.015822911773716055,0,-0.6813512140683446,-0.07944161966998751,0,0,6123,0
0.055406829106614874,1,-1.1715574418043322,1.5801434662483465,0,0,8252,0
-1.5116474702606657,0,-0.35454706224435306,-0.9092341626291546,0,0,1712,0
1.3375421649525716,1,0.2990612414036302,-0.9092341626291546,0,0,12430,1
0.6964744970295933,1,1.9330820005235883,0.7503509232891795,0,1,9800,1
0.981393460550917,1,1.442875772787601,-0.07944161966998751,0,1,10579,1
0.6252447561492623,1,0.13565916549163437,-0.9092341626291546,0,1,8280,1
0.41155553350826957,1,0.9526695450516135,0.7503509232891795,0,1,8527,1
1.4087719058329027,1,0.7892674691396177,-0.9092341626291546,0,1,12244,1
0.9101637196705861,1,-0.8447532899803405,0.7503509232891795,1,1,24667,0
-0.9418095432180181,1,1.9330820005235883,-0.07944161966998751,0,0,3410,1
-0.8705798023376873,0,0.462463317315626,0.7503509232891795,0,0,4058,1
0.6252447561492623,1,0.7892674691396177,-0.07944161966998751,0,0,26392,1
1.2663124240722408,1,-0.35454706224435306,2.409936009207514,0,0,14394,0
-0.15828239353437792,0,2.5866903041715714,1.5801434662483465,0,1,6435,1
1.2663124240722408,1,-1.1715574418043322,-0.07944161966998751,0,1,22192,0
-0.5144310979360326,1,0.13565916549163437,-0.07944161966998751,0,0,5148,1
-1.5116474702606657,0,0.462463317315626,-0.9092341626291546,0,1,1136,1
1.7649206102345572,1,-1.334959517716328,-0.9092341626291546,1,1,27037,0
0.2690960517476077,0,1.279473696875605,0.7503509232891795,1,1,42560,1
0.6964744970295933,0,-0.35454706224435306,-0.07944161966998751,0,0,8703,0
0.055406829106614874,1,0.2990612414036302,0.7503509232891795,1,0,40003,1
1.6224611284738955,0,0.2990612414036302,-0.9092341626291546,1,0,45710,1
0.055406829106614874,1,-0.19114498633235724,-0.07944161966998751,0,1,6500,0
-0.6568905796966944,0,0.13565916549163437,1.5801434662483465,0,1,4837,1
-0.7281203205770254,1,0.13565916549163437,-0.9092341626291546,0,0,3943,1
-0.22951213441470886,0,-0.19114498633235724,-0.9092341626291546,0,1,4399,0
0.1266365699869458,1,0.13565916549163437,-0.9092341626291546,0,1,6185,1
0.3403257926279386,1,2.0964840764355843,0.7503509232891795,1,1,46200,1
0.41155553350826957,0,-1.4983615936283237,-0.9092341626291546,0,0,7222,0
1.1238529423115788,1,1.6062778486995968,1.5801434662483465,0,1,12485,1
1.4800016467132335,0,0.13565916549163437,1.5801434662483465,1,0,46130,1
1.1950826831919097,0,0.9526695450516135,1.5801434662483465,0,0,12363,1
0.6964744970295933,1,-1.1715574418043322,0.7503509232891795,0,0,10156,0
-1.297958247619673,1,-2.151969897276307,-0.07944161966998751,0,0,2585,0
-1.4404177293803346,0,-1.6617636695403195,-0.9092341626291546,0,0,1242,0
-0.015822911773716055,0,0.7892674691396177,0.7503509232891795,1,0,40103,1
0.981393460550917,0,-1.0081553658923363,-0.9092341626291546,0,0,9863,0
-0.44320135705570163,1,-1.9885678213643112,-0.07944161966998751,0,0,4766,0
0.981393460550917,0,-0.6813512140683446,0.7503509232891795,0,0,11244,0
0.19786631086727674,0,-0.6813512140683446,0.7503509232891795,0,0,7729,0
0.055406829106614874,0,1.7696799246115926,-0.9092341626291546,0,1,5438,1
0.5540150152689314,1,-1.0081553658923363,-0.07944161966998751,0,0,26236,0
-0.8705798023376873,0,0.13565916549163437,-0.07944161966998751,1,1,34806,1
-1.297958247619673,0,-0.5179491381563489,-0.9092341626291546,0,0,2104,0
0.5540150152689314,0,0.9526695450516135,-0.07944161966998751,0,0,8068,1
-1.3691879885000038,0,0.2990612414036302,-0.07944161966998751,0,0,2362,1
-1.08426902497868,0,-1.1715574418043322,-0.9092341626291546,0,0,2352,0
-0.8705798023376873,1,0.6258653932276218,-0.07944161966998751,0,0,3577,1
-0.9418095432180181,1,1.6062778486995968,-0.9092341626291546,0,0,3201,1
0.981393460550917,1,0.2990612414036302,0.7503509232891795,0,0,29186,1
0.1266365699869458,0,0.7892674691396177,-0.07944161966998751,1,1,40273,1
1.1950826831919097,0,0.462463317315626,-0.9092341626291546,0,0,10976,1
-1.155498765859011,1,1.442875772787601,0.7503509232891795,0,1,3500,1
-1.297958247619673,1,0.6258653932276218,-0.9092341626291546,0,1,2020,1
0.7677042379099241,1,2.25988615234758,-0.9092341626291546,0,0,9541,1
0.981393460550917,0,1.7696799246115926,-0.9092341626291546,0,1,9504,1
-0.3719716161753707,1,-0.6813512140683446,-0.07944161966998751,0,0,5385,0
0.5540150152689314,1,-0.19114498633235724,-0.07944161966998751,0,0,8930,0
-0.44320135705570163,1,0.2990612414036302,0.7503509232891795,0,0,5375,1
0.8389339787902551,1,1.279473696875605,-0.9092341626291546,1,1,44400,1
0.6964744970295933,0,-0.35454706224435306,1.5801434662483465,0,0,10264,0
-0.5856608388163635,1,-0.02774291042036144,1.5801434662483465,0,0,6113,1
-0.22951213441470886,1,-0.5179491381563489,-0.9092341626291546,0,0,5469,0
-1.5116474702606657,0,0.7892674691396177,-0.07944161966998751,0,1,1727,1
0.7677042379099241,1,-1.1715574418043322,0.7503509232891795,0,1,10107,0
0.2690960517476077,1,-0.02774291042036144,0.7503509232891795,0,0,8310,1
-1.3691879885000038,0,1.6062778486995968,-0.9092341626291546,0,0,1984,1
-1.08426902497868,1,-1.334959517716328,-0.9092341626291546,0,0,2457,0
1.4800016467132335,0,-0.35454706224435306,-0.9092341626291546,0,0,12146,0
0.6964744970295933,1,-1.334959517716328,-0.07944161966998751,0,0,9566,0
1.4800016467132335,0,-1.0081553658923363,-0.07944161966998751,0,0,13112,0
0.8389339787902551,1,0.9526695450516135,0.7503509232891795,0,0,10848,1
1.3375421649525716,1,0.462463317315626,-0.9092341626291546,0,0,12231,1
0.8389339787902551,1,1.6062778486995968,-0.9092341626291546,0,0,9875,1
0.981393460550917,0,0.9526695450516135,1.5801434662483465,0,0,11264,1
1.6224611284738955,0,1.1160716209636092,-0.9092341626291546,0,0,12979,1
-1.4404177293803346,0,0.7892674691396177,-0.9092341626291546,0,0,1263,1
0.7677042379099241,1,-0.5179491381563489,-0.07944161966998751,0,0,10106,0
-0.6568905796966944,1,1.442875772787601,1.5801434662483465,1,1,40932,1
0.1266365699869458,0,-0.35454706224435306,-0.07944161966998751,0,0,6664,0
-0.7281203205770254,1,-1.4983615936283237,-0.07944161966998751,1,0,16657,0
-1.5116474702606657,1,1.6062778486995968,-0.9092341626291546,0,0,2217,1
0.1266365699869458,1,0.9526695450516135,-0.07944161966998751,0,1,6781,1
-0.30074187529503976,0,-1.0081553658923363,1.5801434662483465,1,1,19361,0
0.981393460550917,0,-1.4983615936283237,-0.07944161966998751,0,0,10065,0
-1.08426902497868,1,-0.02774291042036144,1.5801434662483465,0,0,4234,1
0.6252447561492623,1,-0.5179491381563489,-0.07944161966998751,0,0,9447,0
1.4087719058329027,1,0.2990612414036302,1.5801434662483465,0,0,14007,1
0.6964744970295933,1,0.6258653932276218,-0.07944161966998751,0,0,9583,1
-0.15828239353437792,1,1.279473696875605,-0.9092341626291546,1,1,40419,1
-0.9418095432180181,0,-1.1715574418043322,0.7503509232891795,0,0,3484,0
-1.155498765859011,0,0.13565916549163437,1.5801434662483465,1,0,36189,1
-0.7281203205770254,0,0.7892674691396177,0.7503509232891795,1,0,44585,1
0.41155553350826957,0,-1.0081553658923363,0.7503509232891795,0,0,8604,0
-0.8705798023376873,0,-0.19114498633235724,-0.9092341626291546,1,1,18246,0
0.981393460550917,0,0.6258653932276218,-0.9092341626291546,1,0,43254,1
-0.5856608388163635,1,-0.6813512140683446,-0.9092341626291546,0,1,3757,0
0.7677042379099241,0,-0.6813512140683446,-0.9092341626291546,0,0,8827,0
0.7677042379099241,1,-0.02774291042036144,-0.07944161966998751,0,0,9910,1
-0.3719716161753707,0,-0.5179491381563489,0.7503509232891795,0,0,11737,0
-1.4404177293803346,0,-1.4983615936283237,-0.9092341626291546,0,0,1627,0
0.5540150152689314,1,0.9526695450516135,-0.07944161966998751,0,0,8556,1
-0.7993500614573563,0,-0.02774291042036144,-0.9092341626291546,0,0,3062,1
-0.15828239353437792,1,-0.6813512140683446,-0.9092341626291546,1,1,19539,0
-1.297958247619673,0,-0.35454706224435306,-0.9092341626291546,0,0,1906,0
1.7649206102345572,0,1.1160716209636092,-0.9092341626291546,0,0,14210,1
1.3375421649525716,1,-1.334959517716328,-0.9092341626291546,0,1,11833,0
-1.08426902497868,0,0.462463317315626,2.409936009207514,0,0,17128,1
-0.5856608388163635,0,-0.5179491381563489,0.7503509232891795,0,0,5031,0
-0.015822911773716055,1,-1.334959517716328,1.5801434662483465,0,0,7985,0
0.5540150152689314,1,-0.5179491381563489,-0.9092341626291546,1,1,23065,0
-0.6568905796966944,0,1.1160716209636092,1.5801434662483465,0,0,5428,1
-1.5116474702606657,0,1.279473696875605,-0.9092341626291546,1,1,36307,1
-1.2267285067393419,1,0.6258653932276218,0.7503509232891795,0,0,3925,1
-1.155498765859011,0,0.7892674691396177,-0.07944161966998751,0,0,2416,1
-0.44320135705570163,0,-0.5179491381563489,-0.07944161966998751,1,0,19040,0
-0.8705798023376873,0,-0.6813512140683446,-0.9092341626291546,0,0,3070,0
0.41155553350826957,1,-0.8447532899803405,0.7503509232891795,0,0,9095,0
1.2663124240722408,1,0.13565916549163437,-0.9092341626291546,0,0,11842,1
0.5540150152689314,0,0.2990612414036302,-0.07944161966998751,0,0,8062,1
0.19786631086727674,1,-0.19114498633235724,-0.07944161966998751,0,0,7050,0
1.7649206102345572,1,1.442875772787601,-0.9092341626291546,0,0,14319,1
-0.08705265265404699,1,-1.8251657454523154,0.7503509232891795,0,0,6933,0
1.5512313875935644,0,0.9526695450516135,1.5801434662483465,0,0,27941,1
0.981393460550917,1,-0.6813512140683446,0.7503509232891795,0,0,11150,0
0.3403257926279386,1,0.9526695450516135,-0.9092341626291546,0,0,12797,1
-1.4404177293803346,1,-0.35454706224435306,-0.9092341626291546,1,0,17748,0
0.1266365699869458,0,0.6258653932276218,0.7503509232891795,0,0,7261,1
0.8389339787902551,0,0.462463317315626,1.5801434662483465,0,1,10560,1
0.055406829106614874,0,0.2990612414036302,0.7503509232891795,0,0,6986,1
0.41155553350826957,0,1.442875772787601,-0.9092341626291546,0,0,7448,1
-0.30074187529503976,0,0.6258653932276218,1.5801434662483465,0,1,5934,1
0.981393460550917,0,-0.35454706224435306,-0.9092341626291546,0,0,9869,0
-0.6568905796966944,0,-1.0081553658923363,1.5801434662483465,1,0,18259,0
-1.5116474702606657,0,1.7696799246115926,-0.9092341626291546,0,1,1146,1
0.8389339787902551,0,0.7892674691396177,-0.07944161966998751,0,1,9386,1
0.7677042379099241,1,-0.5179491381563489,-0.07944161966998751,1,0,24520,0
-0.5856608388163635,1,-0.19114498633235724,-0.07944161966998751,0,1,4350,0
-0.30074187529503976,1,-0.5179491381563489,1.5801434662483465,0,0,6414,0
1.4800016467132335,0,0.9526695450516135,-0.9092341626291546,0,0,12741,1
-1.297958247619673,0,0.9526695450516135,-0.9092341626291546,0,0,1917,1
-0.7281203205770254,0,-1.334959517716328,1.5801434662483465,0,0,5209,0
1.6224611284738955,1,-0.19114498633235724,-0.9092341626291546,0,1,13457,0
-0.015822911773716055,1,1.7696799246115926,-0.9092341626291546,0,1,5662,1
-1.4404177293803346,0,-0.5179491381563489,-0.9092341626291546,0,0,1252,0
-1.2267285067393419,1,-1.1715574418043322,-0.9092341626291546,0,0,2731,0
0.981393460550917,0,-1.6617636695403195,-0.9092341626291546,1,1,21195,0
-0.015822911773716055,1,0.13565916549163437,0.7503509232891795,0,0,7209,1
-0.8705798023376873,0,-0.35454706224435306,-0.9092341626291546,1,0,18310,0
-0.6568905796966944,0,2.25988615234758,0.7503509232891795,0,1,4266,1
-0.6568905796966944,1,-1.334959517716328,-0.07944161966998751,0,0,4719,0
1.3375421649525716,1,0.462463317315626,-0.9092341626291546,0,0,11848,1
-0.44320135705570163,0,-1.0081553658923363,-0.9092341626291546,1,0,17904,0
0.19786631086727674,1,-0.6813512140683446,-0.07944161966998751,0,1,7046,0
1.7649206102345572,1,0.7892674691396177,-0.9092341626291546,0,1,14313,1
-1.297958247619673,0,-1.334959517716328,-0.07944161966998751,0,0,2103,0
-1.5116474702606657,1,1.9330820005235883,-0.9092341626291546,1,1,38792,1
-1.155498765859011,0,-0.6813512140683446,-0.9092341626291546,0,1,1815,0
0.41155553350826957,1,0.7892674691396177,-0.9092341626291546,0,0,7731,1
0.055406829106614874,1,1.7696799246115926,-0.07944161966998751,0,0,28476,1
-1.4404177293803346,1,0.9526695450516135,-0.9092341626291546,0,0,2136,1
-1.5116474702606657,0,-0.02774291042036144,-0.9092341626291546,0,1,1131,1
-1.013039284098349,0,-0.8447532899803405,-0.07944161966998751,0,0,3309,0
0.48278527438860047,1,-0.02774291042036144,1.5801434662483465,0,0,9414,1
-0.44320135705570163,1,1.9330820005235883,1.5801434662483465,0,0,6360,1
1.052623201431248,0,-1.4983615936283237,0.7503509232891795,0,1,11013,0
-0.7993500614573563,0,-1.334959517716328,0.7503509232891795,0,0,4428,0
-0.22951213441470886,0,0.6258653932276218,0.7503509232891795,0,1,5584,1
-1.3691879885000038,1,0.13565916549163437,-0.9092341626291546,0,1,1877,1
-1.08426902497868,1,-1.0081553658923363,-0.9092341626291546,0,0,2842,0
-1.155498765859011,0,1.1160716209636092,1.5801434662483465,0,0,3597,1
0.5540150152689314,1,-0.6813512140683446,-0.07944161966998751,1,0,23401,0
-0.44320135705570163,1,0.7892674691396177,-0.9092341626291546,1,0,55135,1
0.41155553350826957,0,0.462463317315626,-0.07944161966998751,0,0,7445,1
-0.9418095432180181,0,-2.151969897276307,-0.9092341626291546,0,0,2680,0
-1.5116474702606657,1,0.13565916549163437,-0.9092341626291546,0,1,1621,1
0.3403257926279386,1,-0.19114498633235724,0.7503509232891795,0,1,8219,0
1.4800016467132335,0,-1.0081553658923363,-0.9092341626291546,0,0,12523,0
1.7649206102345572,1,0.13565916549163437,0.7503509232891795,0,0,16069,1
1.1950826831919097,0,0.13565916549163437,0.7503509232891795,1,1,43813,1
-0.22951213441470886,0,-0.35454706224435306,-0.07944161966998751,1,0,20773,0
0.1266365699869458,0,-0.02774291042036144,1.5801434662483465,1,0,39597,1
-0.015822911773716055,0,-1.4983615936283237,-0.07944161966998751,0,0,6117,0
1.6936908693542263,0,0.462463317315626,-0.9092341626291546,0,0,13393,1
-0.22951213441470886,1,-0.8447532899803405,-0.9092341626291546,0,0,5266,0
-0.7993500614573563,1,-1.1715574418043322,0.7503509232891795,0,0,4719,0
1.3375421649525716,0,0.6258653932276218,-0.9092341626291546,0,0,11743,1
-0.22951213441470886,0,0.462463317315626,-0.07944161966998751,0,0,5377,1
0.19786631086727674,0,0.7892674691396177,0.7503509232891795,0,1,7160,1
-0.22951213441470886,0,0.13565916549163437,-0.9092341626291546,0,0,4402,1
1.1950826831919097,1,-0.35454706224435306,-0.9092341626291546,0,0,11657,0
-0.30074187529503976,1,-1.1715574418043322,0.7503509232891795,0,0,6402,0
1.4087719058329027,1,0.13565916549163437,-0.9092341626291546,0,0,12622,1
-1.297958247619673,0,0.13565916549163437,-0.9092341626291546,0,0,1526,1
1.4087719058329027,0,-1.0081553658923363,-0.9092341626291546,0,0,12323,0
-1.155498765859011,1,0.2990612414036302,0.7503509232891795,1,1,36021,1
1.2663124240722408,1,-0.19114498633235724,-0.9092341626291546,1,1,27533,0
0.981393460550917,0,-0.02774291042036144,-0.9092341626291546,0,0,10072,1
1.4800016467132335,1,0.2990612414036302,-0.9092341626291546,1,1,45008,1
0.8389339787902551,1,0.6258653932276218,-0.07944161966998751,0,0,9872,1
-1.155498765859011,0,3.240298607819555,-0.07944161966998751,0,1,2438,1
-0.8705798023376873,1,-1.0081553658923363,-0.9092341626291546,0,0,2974,0
1.1238529423115788,0,0.2990612414036302,-0.9092341626291546,0,0,10601,1
-0.15828239353437792,1,-0.02774291042036144,-0.9092341626291546,1,0,37270,1
1.5512313875935644,0,0.2990612414036302,0.7503509232891795,0,0,14119,1
0.48278527438860047,1,0.7892674691396177,-0.9092341626291546,1,0,42111,1
0.981393460550917,1,-1.1715574418043322,0.7503509232891795,0,0,11729,0
0.6964744970295933,1,-1.1715574418043322,1.5801434662483465,1,0,24106,0
-1.3691879885000038,1,-0.19114498633235724,-0.9092341626291546,0,0,1875,0
0.6252447561492623,1,0.462463317315626,-0.9092341626291546,1,1,40974,1
-1.013039284098349,0,-1.0081553658923363,-0.9092341626291546,1,0,15817,0
-1.013039284098349,1,0.2990612414036302,-0.07944161966998751,0,1,18218,1
1.2663124240722408,0,-0.35454706224435306,-0.9092341626291546,0,0,10965,0
-0.15828239353437792,1,2.7500923800835673,0.7503509232891795,1,0,46113,1
-0.08705265265404699,1,-0.35454706224435306,1.5801434662483465,0,0,7151,0
1.1238529423115788,1,0.462463317315626,0.7503509232891795,0,0,12269,1
-0.22951213441470886,1,-1.8251657454523154,-0.9092341626291546,0,0,5458,0
0.8389339787902551,0,-0.8447532899803405,-0.9092341626291546,0,0,8782,0
0.055406829106614874,0,-0.19114498633235724,0.7503509232891795,0,0,6600,0
-1.5116474702606657,0,1.1160716209636092,-0.9092341626291546,0,1,1141,1
1.2663124240722408,0,2.0964840764355843,-0.07944161966998751,0,0,11576,1
1.5512313875935644,0,-1.1715574418043322,-0.9092341626291546,0,0,13129,0
-1.013039284098349,1,-1.0081553658923363,1.5801434662483465,0,0,4391,0
0.7677042379099241,0,0.9526695450516135,-0.9092341626291546,0,0,8457,1
-0.9418095432180181,1,-0.19114498633235724,-0.07944161966998751,0,1,3392,0
0.19786631086727674,0,-1.0081553658923363,-0.9092341626291546,0,1,5966,0
0.2690960517476077,0,-0.02774291042036144,-0.07944161966998751,0,0,6849,1
0.3403257926279386,0,-1.4983615936283237,1.5801434662483465,0,0,8891,0
-1.155498765859011,1,-0.35454706224435306,-0.9092341626291546,0,0,2690,0
0.6964744970295933,1,-0.5179491381563489,-0.07944161966998751,0,0,26140,0
-0.44320135705570163,0,0.462463317315626,3.2397285521666808,0,1,6653,1
0.1266365699869458,0,-0.35454706224435306,-0.07944161966998751,0,0,6282,0
-0.15828239353437792,1,-0.19114498633235724,0.7503509232891795,0,0,6311,0
-1.2267285067393419,0,0.6258653932276218,1.5801434662483465,0,0,3443,1
-1.155498765859011,0,-0.5179491381563489,-0.07944161966998751,0,0,2789,0
-1.297958247619673,1,-1.334959517716328,-0.9092341626291546,0,0,2585,0
0.8389339787902551,1,1.1160716209636092,1.5801434662483465,1,0,46255,1
-1.013039284098349,0,-0.6813512140683446,2.409936009207514,0,0,4877,0
-0.5144310979360326,0,-0.35454706224435306,-0.07944161966998751,1,1,19719,0
1.2663124240722408,0,-0.35454706224435306,-0.9092341626291546,1,0,27218,0
-0.22951213441470886,1,-0.02774291042036144,-0.9092341626291546,0,0,5272,1
-1.2267285067393419,0,1.442875772787601,-0.9092341626291546,0,0,1682,1
1.2663124240722408,0,0.462463317315626,-0.07944161966998751,0,0,11945,1
1.7649206102345572,1,-0.6813512140683446,-0.9092341626291546,1,0,29330,0
-0.22951213441470886,1,-0.19114498633235724,2.409936009207514,0,1,7243,0
1.052623201431248,0,-1.0081553658923363,-0.9092341626291546,0,0,10422,0
0.5540150152689314,0,1.279473696875605,0.7503509232891795,1,1,44202,1
1.6224611284738955,0,0.2990612414036302,-0.9092341626291546,0,0,13555,1
1.5512313875935644,1,2.25988615234758,-0.9092341626291546,0,0,13063,1
0.2690960517476077,1,-1.6617636695403195,0.7503509232891795,1,0,19798,0
-1.4404177293803346,0,-0.8447532899803405,-0.07944161966998751,0,0,2221,0
-1.5116474702606657,1,1.6062778486995968,-0.9092341626291546,0,1,1634,1
-1.4404177293803346,1,-1.334959517716328,-0.9092341626291546,0,0,2117,0
0.6964744970295933,0,-1.334959517716328,-0.9092341626291546,0,0,8688,0
1.4800016467132335,0,1.6062778486995968,-0.9092341626291546,1,1,48673,1
-0.9418095432180181,0,-0.5179491381563489,1.5801434662483465,0,0,4661,0
0.6964744970295933,0,0.9526695450516135,-0.9092341626291546,0,1,8125,1
1.4800016467132335,1,0.7892674691396177,-0.9092341626291546,0,0,12644,1
-0.9418095432180181,1,-0.19114498633235724,0.7503509232891795,0,0,4564,0
-0.8705798023376873,0,0.2990612414036302,1.5801434662483465,0,0,4846,1
0.3403257926279386,1,0.2990612414036302,-0.07944161966998751,0,1,7633,1
1.6936908693542263,0,1.442875772787601,1.5801434662483465,0,0,15170,1
-0.5144310979360326,1,-1.0081553658923363,-0.9092341626291546,1,0,17496,0
-1.2267285067393419,0,-0.35454706224435306,-0.07944161966998751,0,0,2639,0
-1.5116474702606657,0,0.13565916549163437,-0.9092341626291546,1,0,33732,1
1.4087719058329027,1,-0.6813512140683446,1.5801434662483465,0,0,14382,0
0.3403257926279386,1,-0.5179491381563489,-0.07944161966998751,0,0,7626,0
-0.44320135705570163,0,-1.0081553658923363,0.7503509232891795,0,0,5257,0
-1.08426902497868,1,0.462463317315626,-0.9092341626291546,0,1,2473,1
0.2690960517476077,1,-0.6813512140683446,-0.9092341626291546,1,0,21774,0
0.41155553350826957,0,-1.334959517716328,-0.9092341626291546,1,0,35069,0
1.5512313875935644,1,-0.35454706224435306,-0.9092341626291546,0,0,13041,0
-0.30074187529503976,1,0.6258653932276218,-0.07944161966998751,0,1,5245,1
1.6224611284738955,1,-0.8447532899803405,-0.9092341626291546,0,0,13451,0
1.6224611284738955,1,0.462463317315626,-0.9092341626291546,0,0,13462,1
-0.08705265265404699,0,0.13565916549163437,-0.07944161966998751,0,0,5488,1
-0.3719716161753707,0,0.7892674691396177,-0.9092341626291546,0,0,4320,1
0.2690960517476077,0,-1.1715574418043322,-0.9092341626291546,0,0,6250,0
0.7677042379099241,0,0.2990612414036302,0.7503509232891795,0,0,25333,1
-1.4404177293803346,1,-1.1715574418043322,0.7503509232891795,0,0,2913,0
1.2663124240722408,1,-1.6617636695403195,-0.07944161966998751,0,0,12032,0
1.6224611284738955,1,1.442875772787601,-0.9092341626291546,0,1,13470,1
0.1266365699869458,0,0.6258653932276218,-0.07944161966998751,0,1,6289,1
-0.9418095432180181,0,2.5866903041715714,-0.07944161966998751,0,1,2927,1
-0.015822911773716055,1,0.2990612414036302,-0.07944161966998751,0,0,6238,1
0.48278527438860047,0,-0.8447532899803405,3.2397285521666808,0,0,10096,0
0.41155553350826957,1,0.7892674691396177,-0.9092341626291546,0,0,7348,1
-0.5144310979360326,0,1.1160716209636092,0.7503509232891795,0,1,4673,1
1.4087719058329027,1,-0.5179491381563489,-0.9092341626291546,0,0,12233,0
0.3403257926279386,0,-0.19114498633235724,0.7503509232891795,0,0,32108,0
-0.015822911773716055,1,-1.0081553658923363,3.2397285521666808,0,0,8965,0
-1.5116474702606657,0,-0.6813512140683446,0.7503509232891795,0,1,2304,0
0.981393460550917,0,-0.19114498633235724,-0.9092341626291546,0,1,9487,0
-1.5116474702606657,0,-1.1715574418043322,-0.9092341626291546,0,1,1121,0
0.7677042379099241,1,2.5866903041715714,-0.07944161966998751,0,1,9549,1
-1.5116474702606657,1,1.6062778486995968,-0.9092341626291546,0,0,2217,1
-1.4404177293803346,0,-1.334959517716328,-0.9092341626291546,0,0,1628,0
1.6224611284738955,0,1.442875772787601,-0.9092341626291546,0,1,12982,1
1.1950826831919097,1,0.7892674691396177,-0.07944161966998751,0,0,11674,1
0.19786631086727674,0,0.7892674691396177,0.7503509232891795,0,0,7160,1
-0.15828239353437792,0,0.6258653932276218,-0.07944161966998751,1,0,39047,1
0.19786631086727674,0,0.13565916549163437,-0.9092341626291546,0,0,6358,1
-1.013039284098349,0,-0.19114498633235724,1.5801434662483465,1,0,19933,0
1.2663124240722408,0,-1.9885678213643112,-0.9092341626291546,0,0,11534,0
0.8389339787902551,0,1.9330820005235883,0.7503509232891795,1,1,47462,1
-0.6568905796966944,1,-0.35454706224435306,-0.07944161966998751,0,0,4527,0
0.3403257926279386,0,-0.02774291042036144,0.7503509232891795,1,0,38998,1
-0.3719716161753707,0,-0.5179491381563489,-0.07944161966998751,1,0,20009,0
-0.5856608388163635,0,1.442875772787601,-0.07944161966998751,0,1,3875,1
1.052623201431248,0,-0.02774291042036144,-0.07944161966998751,1,1,41999,1
-1.08426902497868,0,-0.6813512140683446,-0.07944161966998751,0,0,12609,0
0.2690960517476077,0,0.6258653932276218,-0.07944161966998751,1,0,41034,1
0.6252447561492623,0,0.9526695450516135,-0.07944161966998751,0,0,28468,1
-1.4404177293803346,1,1.442875772787601,-0.07944161966998751,0,0,2730,1
-0.7281203205770254,1,-0.8447532899803405,-0.9092341626291546,0,0,3353,0
1.6936908693542263,1,0.7892674691396177,-0.07944161966998751,0,1,14474,1
0.48278527438860047,0,-1.0081553658923363,1.5801434662483465,0,0,9500,0
0.9101637196705861,0,0.9526695450516135,0.7503509232891795,0,0,26467,1
-0.30074187529503976,0,-0.5179491381563489,-0.07944161966998751,0,0,4746,0
0.8389339787902551,0,-1.0081553658923363,0.7503509232891795,1,0,23967,0
0.3403257926279386,0,-0.8447532899803405,-0.07944161966998751,0,0,7518,0
-1.297958247619673,0,-0.8447532899803405,0.7503509232891795,0,0,3279,0
-0.015822911773716055,1,0.6258653932276218,3.2397285521666808,0,1,8596,1
0.7677042379099241,1,-0.35454706224435306,1.5801434662483465,0,1,10702,0
-0.3719716161753707,1,-1.1715574418043322,-0.9092341626291546,0,0,4992,0
-1.2267285067393419,1,-1.6617636695403195,-0.9092341626291546,0,0,2527,0
-1.4404177293803346,1,1.6062778486995968,-0.9092341626291546,0,0,1759,1
-0.9418095432180181,0,0.7892674691396177,-0.9092341626291546,0,1,2322,1
-0.7281203205770254,0,-1.334959517716328,-0.9092341626291546,1,0,16138,0
0.6252447561492623,0,1.6062778486995968,-0.9092341626291546,0,1,7804,1
-0.9418095432180181,0,-0.19114498633235724,-0.07944161966998751,0,1,2902,0
0.41155553350826957,1,1.442875772787601,1.5801434662483465,0,0,9704,1
-0.22951213441470886,1,-0.19114498633235724,-0.9092341626291546,0,1,4889,0
1.052623201431248,0,-0.8447532899803405,-0.07944161966998751,0,0,25517,0
-0.3719716161753707,0,-1.4983615936283237,-0.9092341626291546,0,0,4500,0
-0.5856608388163635,0,-0.8447532899803405,1.5801434662483465,1,0,19199,0
-0.8705798023376873,1,-0.02774291042036144,-0.07944161966998751,0,0,16796,1
-1.3691879885000038,0,-0.02774291042036144,3.2397285521666808,0,0,4915,1
0.3403257926279386,1,-0.8447532899803405,-0.07944161966998751,0,0,7624,0
0.2690960517476077,0,-0.02774291042036144,1.5801434662483465,0,0,8410,1
0.41155553350826957,1,-0.5179491381563489,-0.07944161966998751,0,0,28340,0
-0.3719716161753707,0,0.6258653932276218,-0.9092341626291546,0,0,4518,1
-1.08426902497868,1,-1.6617636695403195,-0.9092341626291546,1,0,14571,0
-0.9418095432180181,1,-1.8251657454523154,-0.07944161966998751,0,0,3378,0
-0.08705265265404699,1,-0.5179491381563489,0.7503509232891795,0,0,7144,0
0.7677042379099241,1,0.13565916549163437,0.7503509232891795,0,0,10118,1
-0.08705265265404699,0,-0.35454706224435306,-0.07944161966998751,0,1,5484,0
-0.8705798023376873,1,-1.6617636695403195,1.5801434662483465,1,0,16420,0
-0.015822911773716055,1,-1.1715574418043322,1.5801434662483465,0,0,7986,0
-0.015822911773716055,1,0.6258653932276218,1.5801434662483465,0,0,7418,1
1.6936908693542263,1,0.9526695450516135,-0.9092341626291546,0,1,13887,1
-0.44320135705570163,1,0.9526695450516135,1.5801434662483465,0,0,6551,1
-0.22951213441470886,1,-0.6813512140683446,-0.9092341626291546,0,0,5267,0
-0.6568905796966944,0,-1.334959517716328,0.7503509232891795,1,0,17361,0
-1.08426902497868,0,0.2990612414036302,-0.9092341626291546,1,0,34472,1
-1.08426902497868,0,-0.8447532899803405,-0.9092341626291546,0,0,1972,0
0.6252447561492623,0,-0.19114498633235724,-0.9092341626291546,0,0,21232,0
0.5540150152689314,0,-1.8251657454523154,-0.07944161966998751,0,0,8627,0
-0.7281203205770254,0,0.13565916549163437,0.7503509232891795,0,0,4433,1
-0.7993500614573563,0,-0.19114498633235724,0.7503509232891795,0,0,4438,0
0.5540150152689314,0,-0.35454706224435306,1.5801434662483465,1,0,24915,0
-1.013039284098349,0,-1.0081553658923363,0.7503509232891795,0,0,23241,0
0.8389339787902551,0,-0.5179491381563489,-0.07944161966998751,0,0,9957,0
0.6252447561492623,1,-1.334959517716328,-0.9092341626291546,0,0,8269,0
0.2690960517476077,0,-1.6617636695403195,0.7503509232891795,1,1,18767,0
1.5512313875935644,1,0.462463317315626,2.409936009207514,0,1,36580,1
0.6252447561492623,0,0.2990612414036302,-0.07944161966998751,0,0,8765,1
-0.08705265265404699,1,-0.5179491381563489,-0.9092341626291546,0,0,5383,0
1.4087719058329027,0,-0.8447532899803405,-0.9092341626291546,0,0,12124,0
-1.4404177293803346,1,-1.0081553658923363,-0.07944161966998751,0,0,2709,0
-0.9418095432180181,1,0.6258653932276218,0.7503509232891795,0,0,3987,1
1.052623201431248,1,0.7892674691396177,1.5801434662483465,0,0,12495,1
-1.297958247619673,1,0.2990612414036302,0.7503509232891795,0,0,26018,1
0.8389339787902551,0,1.1160716209636092,-0.9092341626291546,0,0,8798,1
-1.2267285067393419,1,0.13565916549163437,1.5801434662483465,1,1,35595,1
0.5540150152689314,0,0.9526695450516135,-0.07944161966998751,1,1,42211,1
-1.5116474702606657,0,-1.1715574418043322,-0.07944161966998751,0,1,1711,0
0.5540150152689314,1,2.4232882282595756,-0.07944161966998751,0,1,8569,1
-1.297958247619673,1,0.6258653932276218,-0.9092341626291546,0,0,2020,1
-1.4404177293803346,0,-0.6813512140683446,-0.07944161966998751,1,0,16450,0
-1.155498765859011,0,-1.9885678213643112,-0.9092341626291546,0,0,21595,0
1.052623201431248,0,0.13565916549163437,-0.9092341626291546,0,0,9850,1
-0.15828239353437792,1,-2.151969897276307,0.7503509232891795,0,0,6877,0
0.48278527438860047,1,-1.1715574418043322,-0.07944161966998751,1,0,21677,0
1.1238529423115788,1,0.7892674691396177,-0.9092341626291546,1,1,44423,1
-0.6568905796966944,1,-0.5179491381563489,-0.9092341626291546,0,0,4137,0
-1.5116474702606657,0,-1.4983615936283237,-0.9092341626291546,1,0,13747,0
1.5512313875935644,0,1.279473696875605,-0.9092341626291546,0,0,12950,1
1.052623201431248,1,-1.1715574418043322,1.5801434662483465,0,0,12094,0
-1.2267285067393419,0,1.1160716209636092,0.7503509232891795,1,1,37484,1
0.41155553350826957,1,-0.02774291042036144,-0.07944161966998751,1,0,39725,1
-1.2267285067393419,0,-0.35454706224435306,-0.9092341626291546,0,0,2250,0
-1.4404177293803346,0,-0.5179491381563489,0.7503509232891795,0,0,22493,0
-0.30074187529503976,1,-0.35454706224435306,-0.9092341626291546,1,0,20234,0
-1.5116474702606657,0,-1.1715574418043322,-0.9092341626291546,0,0,1704,0
-1.3691879885000038,0,-0.02774291042036144,-0.9092341626291546,1,0,33475,1
-0.7993500614573563,1,-0.8447532899803405,-0.9092341626291546,0,0,3161,0
1.1238529423115788,0,0.7892674691396177,-0.07944161966998751,0,0,11394,1
0.2690960517476077,1,-1.0081553658923363,0.7503509232891795,1,0,21880,0
0.2690960517476077,1,-0.8447532899803405,-0.9092341626291546,0,0,7325,0
-1.2267285067393419,0,3.5671027596435465,-0.07944161966998751,1,1,44501,1
-1.013039284098349,1,-1.334959517716328,-0.07944161966998751,0,0,3594,0
0.6964744970295933,0,-0.02774291042036144,-0.9092341626291546,1,0,39727,1
0.3403257926279386,1,0.9526695450516135,-0.07944161966998751,0,0,8023,1
1.7649206102345572,0,-0.6813512140683446,-0.9092341626291546,0,0,14394,0
0.6964744970295933,0,-0.19114498633235724,-0.07944161966998751,0,0,9288,0
0.5540150152689314,0,-0.19114498633235724,1.5801434662483465,1,0,25309,0
-0.8705798023376873,1,-1.4983615936283237,-0.9092341626291546,0,0,3353,0
1.1238529423115788,0,-0.5179491381563489,-0.9092341626291546,0,0,10594,0
0.6252447561492623,1,-0.35454706224435306,-0.9092341626291546,0,0,8277,0
0.41155553350826957,1,0.13565916549163437,-0.9092341626291546,0,1,17929,1
-1.08426902497868,1,1.442875772787601,-0.9092341626291546,0,1,2480,1
-0.5144310979360326,0,0.462463317315626,-0.07944161966998751,0,0,4462,1
-1.08426902497868,0,0.2990612414036302,-0.9092341626291546,0,1,1981,1
1.2663124240722408,0,-0.5179491381563489,-0.07944161966998751,0,1,11554,0
1.4087719058329027,0,1.7696799246115926,-0.07944161966998751,1,1,48970,1
-0.22951213441470886,0,-0.35454706224435306,1.5801434662483465,0,0,6548,0
-0.7281203205770254,1,-0.8447532899803405,2.409936009207514,0,0,5708,0
0.19786631086727674,1,-0.8447532899803405,-0.07944161966998751,0,0,7045,0
0.6252447561492623,0,1.1160716209636092,0.7503509232891795,0,1,8978,1
-0.015822911773716055,0,1.9330820005235883,-0.9092341626291546,0,0,5757,1
1.6936908693542263,0,-1.4983615936283237,-0.07944161966998751,0,0,14349,0
1.052623201431248,1,0.13565916549163437,-0.07944161966998751,0,1,10928,1
-0.15828239353437792,0,1.1160716209636092,-0.07944161966998751,1,1,39871,1
1.6936908693542263,0,0.13565916549163437,-0.9092341626291546,0,0,13974,1
-1.297958247619673,0,0.13565916549163437,-0.9092341626291546,0,0,1909,1
1.052623201431248,1,-0.35454706224435306,0.7503509232891795,0,0,12096,0
1.4800016467132335,1,-1.9885678213643112,-0.9092341626291546,0,0,13204,0
-0.5144310979360326,1,-0.19114498633235724,-0.07944161966998751,0,1,4562,0
0.5540150152689314,1,0.2990612414036302,-0.07944161966998751,0,0,8551,1
-1.297958247619673,0,-0.6813512140683446,-0.9092341626291546,0,0,2102,0
-0.7993500614573563,0,0.13565916549163437,-0.9092341626291546,1,1,34672,1
1.6936908693542263,0,0.462463317315626,1.5801434662483465,0,1,15161,1
-1.5116474702606657,0,-1.4983615936283237,0.7503509232891795,0,1,11884,0
-0.5144310979360326,0,-0.5179491381563489,-0.07944161966998751,0,0,4454,0
-0.08705265265404699,0,-1.8251657454523154,-0.07944161966998751,0,0,5855,0
-0.5144310979360326,0,0.13565916549163437,-0.07944161966998751,0,0,4076,1
1.6224611284738955,1,-0.02774291042036144,0.7503509232891795,0,0,15019,1
-0.015822911773716055,1,-1.9885678213643112,3.2397285521666808,1,0,19023,0
1.1238529423115788,0,-0.35454706224435306,-0.9092341626291546,0,0,10796,0
1.2663124240722408,0,0.13565916549163437,-0.9092341626291546,0,0,11353,1
0.9101637196705861,0,2.7500923800835673,-0.07944161966998751,0,1,9748,1
1.1950826831919097,0,-1.334959517716328,-0.9092341626291546,0,0,10577,0
0.5540150152689314,0,0.9526695450516135,-0.9092341626291546,1,1,41676,1
1.1238529423115788,1,-0.19114498633235724,-0.9092341626291546,0,0,11286,0
-1.155498765859011,0,0.2990612414036302,1.5801434662483465,0,0,3591,1
-1.2267285067393419,1,-0.02774291042036144,-0.9092341626291546,1,0,33907,1
0.7677042379099241,1,0.462463317315626,2.409936009207514,0,0,11299,1
-1.5116474702606657,1,0.13565916549163437,2.409936009207514,0,0,4561,1
0.8389339787902551,1,0.6258653932276218,0.7503509232891795,1,0,44641,1
-1.2267285067393419,0,0.462463317315626,-0.9092341626291546,0,1,1674,1
0.9101637196705861,1,-0.02774291042036144,-0.9092341626291546,0,0,23045,1
-1.013039284098349,1,0.462463317315626,-0.07944161966998751,0,1,3227,1
-0.44320135705570163,1,-1.8251657454523154,0.7503509232891795,1,0,16776,0
0.981393460550917,0,-0.35454706224435306,1.5801434662483465,0,0,11253,0
-0.7281203205770254,0,1.279473696875605,-0.07944161966998751,0,1,3471,1
1.3375421649525716,0,0.9526695450516135,-0.9092341626291546,0,1,11363,1
-0.15828239353437792,0,-0.19114498633235724,-0.9092341626291546,0,0,20420,0
1.052623201431248,1,0.13565916549163437,-0.9092341626291546,0,1,10338,1
0.6964744970295933,1,-0.19114498633235724,-0.9092341626291546,0,0,8988,0
0.7677042379099241,1,-0.6813512140683446,0.7503509232891795,0,0,10493,0
-0.9418095432180181,0,-0.02774291042036144,-0.07944161966998751,0,0,2904,1
0.41155553350826957,0,-1.6617636695403195,1.5801434662483465,0,1,8605,0
1.052623201431248,1,0.2990612414036302,-0.07944161966998751,0,0,11512,1
-0.08705265265404699,0,1.279473696875605,1.5801434662483465,1,1,41949,1
0.6252447561492623,1,-0.8447532899803405,1.5801434662483465,1,1,24180,0
-0.7993500614573563,1,-0.6813512140683446,1.5801434662483465,0,0,5312,0
-1.155498765859011,0,-1.0081553658923363,-0.9092341626291546,0,0,2396,0
1.1238529423115788,0,0.2990612414036302,-0.07944161966998751,0,1,10807,1
0.1266365699869458,0,-0.19114498633235724,3.2397285521666808,0,0,9222,0
-1.013039284098349,0,0.462463317315626,0.7503509232891795,1,1,36124,1
-0.44320135705570163,0,0.7892674691396177,-0.07944161966998751,1,1,38282,1
-0.6568905796966944,1,-1.8251657454523154,1.5801434662483465,0,0,5693,0
-1.155498765859011,1,0.13565916549163437,-0.9092341626291546,1,0,34166,1
0.48278527438860047,0,1.279473696875605,0.7503509232891795,0,1,8347,1
0.981393460550917,1,0.9526695450516135,1.5801434662483465,1,0,46661,1
-0.8705798023376873,1,0.2990612414036302,-0.07944161966998751,0,0,18903,1
-1.155498765859011,1,1.9330820005235883,-0.07944161966998751,1,0,40904,1
1.6936908693542263,1,-0.8447532899803405,-0.9092341626291546,0,0,14254,0
1.1238529423115788,0,-0.19114498633235724,-0.9092341626291546,0,0,10214,0
-0.30074187529503976,1,0.7892674691396177,0.7503509232891795,0,1,5836,1
-0.3719716161753707,0,0.2990612414036302,-0.07944161966998751,0,0,14358,1
-1.4404177293803346,1,-1.9885678213643112,-0.9092341626291546,0,0,1728,0
-0.015822911773716055,1,-1.1715574418043322,3.2397285521666808,0,1,8582,0
-0.8705798023376873,0,2.4232882282595756,0.7503509232891795,0,0,3693,1
1.2663124240722408,0,1.6062778486995968,-0.9092341626291546,0,0,20709,1
0.9101637196705861,1,-1.9885678213643112,-0.9092341626291546,0,0,9991,0
-0.7993500614573563,0,0.462463317315626,-0.9092341626291546,0,0,19673,1
0.7677042379099241,1,-0.35454706224435306,1.5801434662483465,0,0,11085,0
0.3403257926279386,1,-0.8447532899803405,-0.07944161966998751,0,0,7623,0
-0.9418095432180181,1,-1.334959517716328,-0.9092341626291546,0,0,3176,0
-0.44320135705570163,0,-0.02774291042036144,-0.9092341626291546,0,1,3704,1
-1.4404177293803346,1,0.2990612414036302,-0.9092341626291546,1,0,36898,1
0.7677042379099241,0,1.1160716209636092,-0.07944161966998751,0,1,9048,1
0.1266365699869458,1,0.2990612414036302,1.5801434662483465,0,0,7954,1
0.9101637196705861,1,-1.0081553658923363,-0.9092341626291546,0,1,27117,0
-0.015822911773716055,0,0.2990612414036302,0.7503509232891795,0,1,6338,1
0.7677042379099241,0,0.2990612414036302,0.7503509232891795,0,0,9630,1
0.9101637196705861,0,0.2990612414036302,1.5801434662483465,0,0,11289,1
1.4800016467132335,0,0.2990612414036302,-0.9092341626291546,1,0,52590,1
-1.3691879885000038,1,0.13565916549163437,-0.9092341626291546,0,0,2261,1
1.1238529423115788,0,-1.4983615936283237,-0.07944161966998751,0,0,10791,0
0.19786631086727674,0,0.6258653932276218,-0.9092341626291546,0,0,5979,1
-1.5116474702606657,1,-0.02774291042036144,-0.9092341626291546,0,0,2203,1
1.3375421649525716,1,0.9526695450516135,-0.9092341626291546,0,0,12235,1
0.2690960517476077,1,0.2990612414036302,1.5801434662483465,1,1,40941,1
-0.30074187529503976,1,0.7892674691396177,-0.07944161966998751,0,0,5630,1
0.6252447561492623,1,-0.5179491381563489,2.409936009207514,0,0,11015,0
-0.22951213441470886,1,-1.334959517716328,1.5801434662483465,0,0,7228,0
-1.4404177293803346,0,2.25988615234758,-0.9092341626291546,1,1,39722,1
-1.155498765859011,1,-1.1715574418043322,0.7503509232891795,0,0,14426,0
-1.3691879885000038,1,-0.02774291042036144,-0.9092341626291546,0,0,2459,1
-0.5144310979360326,1,1.7696799246115926,-0.9092341626291546,0,0,3989,1
0.2690960517476077,1,0.6258653932276218,-0.07944161966998751,0,0,7727,1
-0.3719716161753707,0,1.9330820005235883,0.7503509232891795,0,1,5124,1
-0.6568905796966944,0,1.279473696875605,-0.07944161966998751,0,1,18963,1
-1.5116474702606657,1,-0.35454706224435306,-0.9092341626291546,0,0,2200,0
0.1266365699869458,1,-0.35454706224435306,-0.07944161966998751,0,0,7153,0
-0.30074187529503976,1,-0.6813512140683446,-0.9092341626291546,0,0,5227,0
1.2663124240722408,0,1.6062778486995968,-0.9092341626291546,0,1,10982,1
-0.7281203205770254,1,-1.0081553658923363,0.7503509232891795,0,0,4529,0
-0.5144310979360326,0,0.7892674691396177,0.7503509232891795,0,0,4670,1
-0.15828239353437792,1,0.6258653932276218,-0.07944161966998751,0,0,6112,1
-1.5116474702606657,0,-0.5179491381563489,-0.07944161966998751,1,0,17178,0
0.2690960517476077,1,-0.6813512140683446,0.7503509232891795,1,0,22478,0
1.1950826831919097,1,1.7696799246115926,-0.9092341626291546,0,1,11093,1
-0.08705265265404699,0,-0.19114498633235724,0.7503509232891795,0,0,6457,0
-0.7281203205770254,0,0.2990612414036302,0.7503509232891795,0,0,4433,1
-1.2267285067393419,1,-0.5179491381563489,-0.9092341626291546,0,0,2154,0
0.9101637196705861,1,-1.0081553658923363,-0.07944161966998751,1,0,23887,0
0.055406829106614874,1,-0.5179491381563489,-0.07944161966998751,0,0,6496,0
-1.155498765859011,1,0.6258653932276218,-0.9092341626291546,0,0,2899,1
-0.5856608388163635,0,-0.19114498633235724,-0.9092341626291546,1,1,19350,0
0.19786631086727674,1,1.7696799246115926,-0.07944161966998751,0,0,7650,1
-1.08426902497868,1,-0.19114498633235724,-0.9092341626291546,0,0,2850,0
-1.013039284098349,1,-0.02774291042036144,-0.9092341626291546,0,0,2632,1
0.6252447561492623,1,-0.5179491381563489,-0.07944161966998751,0,0,9447,0
-1.155498765859011,1,-0.35454706224435306,-0.07944161966998751,1,1,18328,0
0.41155553350826957,0,-1.1715574418043322,0.7503509232891795,0,0,8603,0
-1.3691879885000038,0,0.7892674691396177,1.5801434662483465,1,0,37465,1
1.6224611284738955,1,0.2990612414036302,-0.9092341626291546,0,0,13844,1
0.2690960517476077,1,-0.8447532899803405,-0.07944161966998751,1,0,21771,0
-1.155498765859011,1,-0.35454706224435306,-0.9092341626291546,0,0,13126,0
-0.5856608388163635,1,0.2990612414036302,0.7503509232891795,0,0,5327,1
0.1266365699869458,1,-1.4983615936283237,-0.07944161966998751,0,0,13725,0
1.3375421649525716,1,0.2990612414036302,-0.07944161966998751,0,0,13019,1
0.6252447561492623,1,0.9526695450516135,-0.9092341626291546,0,0,8671,1
-0.5856608388163635,1,-1.4983615936283237,-0.9092341626291546,0,0,4134,0
-1.4404177293803346,1,-0.5179491381563489,1.5801434662483465,0,0,18838,0
-1.4404177293803346,1,-0.02774291042036144,-0.9092341626291546,1,0,33307,1
0.1266365699869458,0,0.462463317315626,-0.9092341626291546,0,1,5699,1
0.055406829106614874,0,-0.19114498633235724,-0.07944161966998751,0,0,6393,0
-0.5856608388163635,1,-0.8447532899803405,0.7503509232891795,0,0,4934,0
-0.15828239353437792,0,-1.0081553658923363,0.7503509232891795,0,0,6198,0
0.48278527438860047,0,1.6062778486995968,0.7503509232891795,0,0,8733,1
-1.2267285067393419,0,0.2990612414036302,-0.9092341626291546,0,0,2055,1
0.8389339787902551,0,0.2990612414036302,-0.07944161966998751,0,0,9964,1
-1.5116474702606657,1,-0.5179491381563489,1.5801434662483465,1,1,18223,0
-0.30074187529503976,0,-2.151969897276307,-0.07944161966998751,0,0,5116,0
1.4087719058329027,1,0.6258653932276218,0.7503509232891795,0,0,36910,1
-0.22951213441470886,0,0.462463317315626,0.7503509232891795,1,0,38415,1
-0.15828239353437792,1,-0.8447532899803405,-0.07944161966998751,1,0,20296,0
1.4087719058329027,0,1.1160716209636092,-0.07944161966998751,0,0,12347,1
-0.22951213441470886,0,-0.02774291042036144,-0.07944161966998751,0,0,5373,1
-0.015822911773716055,0,0.6258653932276218,0.7503509232891795,0,1,23563,1
-1.5116474702606657,0,-1.4983615936283237,-0.9092341626291546,0,0,1702,0
0.9101637196705861,1,0.462463317315626,0.7503509232891795,0,0,10806,1
-0.8705798023376873,1,0.13565916549163437,-0.07944161966998751,0,0,3956,1
-1.5116474702606657,0,1.442875772787601,-0.9092341626291546,0,0,12890,1
0.055406829106614874,0,-0.8447532899803405,-0.9092341626291546,0,1,5415,0
-0.7281203205770254,0,1.1160716209636092,0.7503509232891795,0,1,4058,1
0.48278527438860047,1,0.6258653932276218,-0.07944161966998751,1,0,41661,1
-0.08705265265404699,1,-0.02774291042036144,1.5801434662483465,0,0,7537,1
-0.6568905796966944,1,-1.4983615936283237,-0.07944161966998751,0,0,4718,0
0.055406829106614874,0,-1.0081553658923363,0.7503509232891795,0,1,6593,0
0.7677042379099241,0,-0.8447532899803405,-0.9092341626291546,0,1,8442,0
-1.3691879885000038,1,-1.0081553658923363,-0.9092341626291546,1,1,26125,0
0.1266365699869458,0,-1.1715574418043322,-0.07944161966998751,0,0,6858,0
-0.44320135705570163,1,1.442875772787601,-0.07944161966998751,0,1,4795,1
-0.08705265265404699,0,-2.3153719731883027,0.7503509232891795,0,0,6640,0
0.19786631086727674,0,1.1160716209636092,0.7503509232891795,0,1,7162,1
1.1950826831919097,0,0.6258653932276218,-0.9092341626291546,0,1,10594,1
1.3375421649525716,0,-0.02774291042036144,-0.9092341626291546,0,0,11938,1
0.9101637196705861,0,0.6258653932276218,1.5801434662483465,1,0,60021,1
-1.3691879885000038,1,-1.4983615936283237,-0.9092341626291546,1,0,20167,0
1.052623201431248,1,-1.0081553658923363,1.5801434662483465,0,0,12479,0
1.3375421649525716,0,-1.1715574418043322,-0.9092341626291546,0,0,11345,0
0.41155553350826957,1,-0.5179491381563489,0.7503509232891795,0,1,8515,0
-0.9418095432180181,0,0.13565916549163437,-0.9092341626291546,0,0,2699,1
1.6936908693542263,1,-1.4983615936283237,-0.9092341626291546,0,0,14449,0
1.3375421649525716,1,-0.35454706224435306,-0.9092341626291546,0,0,12224,0
-0.15828239353437792,0,-1.334959517716328,1.5801434662483465,0,0,6985,0
-1.013039284098349,1,1.9330820005235883,-0.07944161966998751,0,1,3238,1
0.9101637196705861,0,1.7696799246115926,0.7503509232891795,1,1,47269,1
1.7649206102345572,0,0.9526695450516135,0.7503509232891795,1,1,49577,1
-1.2267285067393419,1,-1.4983615936283237,1.5801434662483465,0,0,4296,0
-0.7993500614573563,1,0.462463317315626,-0.9092341626291546,0,1,3171,1
-1.5116474702606657,0,0.462463317315626,-0.9092341626291546,0,1,1135,1
-0.7993500614573563,0,-1.0081553658923363,3.2397285521666808,0,0,5615,0
0.41155553350826957,1,-0.8447532899803405,1.5801434662483465,0,0,9101,0
-0.44320135705570163,0,-0.19114498633235724,2.409936009207514,0,0,6059,0
-1.5116474702606657,1,1.442875772787601,-0.9092341626291546,0,1,1633,1
-0.5144310979360326,0,0.462463317315626,-0.07944161966998751,1,0,37607,1
-1.08426902497868,0,-0.19114498633235724,-0.9092341626291546,1,0,18648,0
-1.4404177293803346,0,-1.8251657454523154,-0.9092341626291546,0,0,1241,0
-1.3691879885000038,0,-0.5179491381563489,-0.9092341626291546,1,0,16232,0
0.055406829106614874,1,-0.19114498633235724,2.409936009207514,0,0,15828,0
-0.3719716161753707,1,-0.5179491381563489,-0.9092341626291546,0,1,4415,0
0.19786631086727674,1,1.1160716209636092,-0.9092341626291546,0,0,6474,1
0.8389339787902551,1,0.9526695450516135,1.5801434662483465,0,0,11436,1
1.052623201431248,1,-0.5179491381563489,-0.07944161966998751,0,0,11305,0
1.1238529423115788,0,1.1160716209636092,1.5801434662483465,0,0,30063,1
0.9101637196705861,1,-1.1715574418043322,-0.9092341626291546,0,0,10197,0
-0.5144310979360326,1,-1.6617636695403195,-0.9092341626291546,0,0,4544,0
-0.7993500614573563,0,1.1160716209636092,-0.07944161966998751,0,0,3277,1
0.1266365699869458,1,-0.35454706224435306,-0.07944161966998751,0,1,6770,0
0.2690960517476077,1,-0.19114498633235724,-0.07944161966998751,0,0,7337,0
0.6964744970295933,1,0.462463317315626,0.7503509232891795,0,0,10370,1
1.7649206102345572,0,-1.1715574418043322,-0.9092341626291546,1,1,26926,0
1.1238529423115788,1,-0.02774291042036144,-0.9092341626291546,0,0,10704,1
-1.08426902497868,0,0.13565916549163437,-0.9092341626291546,1,0,34254,1
-1.3691879885000038,1,0.462463317315626,-0.9092341626291546,0,0,1880,1
0.41155553350826957,0,-0.5179491381563489,1.5801434662483465,0,0,8615,0
-0.9418095432180181,0,0.462463317315626,-0.07944161966998751,0,0,3292,1
-1.013039284098349,1,0.6258653932276218,-0.9092341626291546,0,0,3021,1
0.2690960517476077,0,-0.8447532899803405,3.2397285521666808,0,1,14478,0
-0.30074187529503976,0,-0.5179491381563489,-0.07944161966998751,0,1,4747,0
-0.9418095432180181,0,-0.5179491381563489,-0.9092341626291546,1,1,17043,0
1.2663124240722408,0,-1.1715574418043322,-0.9092341626291546,0,0,10959,0
-1.2267285067393419,1,-0.02774291042036144,-0.9092341626291546,0,0,2741,1
-0.5144310979360326,1,-0.19114498633235724,-0.9092341626291546,0,0,4357,0
-0.015822911773716055,0,-0.19114498633235724,-0.07944161966998751,1,0,22462,0
-1.013039284098349,1,-0.6813512140683446,0.7503509232891795,0,0,4189,0
0.6252447561492623,1,0.462463317315626,-0.9092341626291546,0,1,8283,1
0.5540150152689314,1,-0.5179491381563489,0.7503509232891795,1,0,24535,0
-1.5116474702606657,1,-1.4983615936283237,-0.9092341626291546,1,0,14283,0
-1.5116474702606657,0,-0.02774291042036144,-0.07944161966998751,0,1,1720,1
1.5512313875935644,0,0.9526695450516135,-0.07944161966998751,1,0,47403,1
0.5540150152689314,1,-1.0081553658923363,-0.9092341626291546,0,0,8534,0
-0.7993500614573563,1,-2.151969897276307,-0.9092341626291546,0,0,3732,0
-0.22951213441470886,1,-0.8447532899803405,-0.07944161966998751,0,0,5472,0
-1.3691879885000038,0,1.442875772787601,0.7503509232891795,1,0,38344,1
0.3403257926279386,0,0.6258653932276218,-0.07944161966998751,0,1,7147,1
-0.08705265265404699,1,-1.8251657454523154,0.7503509232891795,0,0,7133,0
-1.4404177293803346,0,0.6258653932276218,-0.9092341626291546,1,0,34828,1
-1.297958247619673,0,-1.1715574418043322,-0.9092341626291546,0,1,1515,0
0.48278527438860047,0,-0.8447532899803405,1.5801434662483465,0,0,9301,0
1.3375421649525716,0,-0.8447532899803405,-0.9092341626291546,0,0,11931,0
-1.3691879885000038,0,-1.334959517716328,-0.07944161966998751,0,0,1964,0
-1.5116474702606657,0,-0.6813512140683446,-0.9092341626291546,0,0,1708,0
-0.7993500614573563,1,-0.6813512140683446,0.7503509232891795,0,1,4340,0
-0.44320135705570163,0,-0.5179491381563489,0.7503509232891795,0,0,5261,0
-1.4404177293803346,1,-0.8447532899803405,-0.07944161966998751,0,0,2710,0
0.41155553350826957,0,-0.02774291042036144,-0.9092341626291546,1,1,62592,1
1.6224611284738955,0,-0.02774291042036144,1.5801434662483465,1,0,46718,1
-1.013039284098349,1,-1.6617636695403195,-0.07944161966998751,0,0,3208,0
0.2690960517476077,0,-0.5179491381563489,-0.9092341626291546,1,0,37829,0
0.19786631086727674,0,-1.0081553658923363,0.7503509232891795,1,0,21259,0
-1.08426902497868,1,-0.5179491381563489,-0.9092341626291546,0,1,2464,0
-0.7281203205770254,1,-1.4983615936283237,-0.9092341626291546,1,0,16115,0
-0.5144310979360326,0,-0.35454706224435306,2.409936009207514,1,0,21472,0
-1.013039284098349,1,-0.02774291042036144,-0.9092341626291546,1,0,33900,1
0.1266365699869458,0,0.2990612414036302,0.7503509232891795,0,0,6875,1
0.19786631086727674,0,-0.6813512140683446,-0.07944161966998751,0,0,6940,0
-0.44320135705570163,1,-0.6813512140683446,-0.9092341626291546,0,0,4571,0
-0.3719716161753707,0,1.9330820005235883,-0.07944161966998751,0,0,4536,1
-1.4404177293803346,1,0.6258653932276218,0.7503509232891795,1,0,36397,1
-0.6568905796966944,1,-1.1715574418043322,1.5801434662483465,1,0,18765,0
-1.5116474702606657,0,-0.35454706224435306,-0.07944161966998751,0,0,11272,0
-1.4404177293803346,1,-1.6617636695403195,-0.9092341626291546,0,0,1731,0
-1.5116474702606657,0,3.7305048355555424,-0.9092341626291546,0,1,1163,1
-0.30074187529503976,0,1.442875772787601,2.409936009207514,0,0,19496,1
-0.015822911773716055,1,-0.6813512140683446,0.7503509232891795,0,0,7201,0
-0.5856608388163635,0,0.13565916549163437,1.5801434662483465,0,0,5425,1
1.6224611284738955,0,-0.6813512140683446,-0.9092341626291546,1,0,28101,0
1.6224611284738955,0,1.279473696875605,-0.9092341626291546,0,1,12981,1
0.19786631086727674,1,1.6062778486995968,0.7503509232891795,1,1,43896,1
-0.5856608388163635,0,-0.8447532899803405,-0.07944161966998751,0,0,4239,0
1.5512313875935644,0,0.462463317315626,-0.9092341626291546,0,0,13143,1
0.19786631086727674,1,0.2990612414036302,-0.9092341626291546,0,0,7050,1
0.8389339787902551,0,-0.02774291042036144,-0.07944161966998751,0,1,9377,1
-1.155498765859011,1,-1.0081553658923363,0.7503509232891795,0,0,22395,0
0.9101637196705861,0,1.279473696875605,0.7503509232891795,0,0,10325,1
1.2663124240722408,1,-0.8447532899803405,0.7503509232891795,0,1,12629,0
-1.155498765859011,1,0.462463317315626,-0.9092341626291546,0,0,10795,1
0.9101637196705861,1,2.25988615234758,1.5801434662483465,0,0,11411,1
0.7677042379099241,0,-0.02774291042036144,1.5801434662483465,0,0,10600,1
-1.5116474702606657,1,0.13565916549163437,-0.9092341626291546,0,0,2205,1
-1.5116474702606657,1,0.9526695450516135,-0.9092341626291546,0,1,1629,1
-1.297958247619673,1,-0.8447532899803405,-0.9092341626291546,0,0,2007,0
1.5512313875935644,1,-0.19114498633235724,-0.9092341626291546,1,0,29141,0
